zoneCode,zoneName,blockName,blockType,pred_risk,risk_grade,basis
41450MX2019001,하남교산 공공주택지구,의료1,종합의료시설,238.35,고위험,동일유형
41450MX2019001,하남교산 공공주택지구,주복6,주상복합,140.12,고위험,동일유형
41450MX2019001,하남교산 공공주택지구,주복11,주상복합,140.12,고위험,동일유형
41450MX2019001,하남교산 공공주택지구,주복10,주상복합,140.12,고위험,동일유형
41450MX2019001,하남교산 공공주택지구,주복12,주상복합,140.12,고위험,동일유형
41450MX2019001,하남교산 공공주택지구,주복3,주상복합,140.12,고위험,동일유형
41450MX2019001,하남교산 공공주택지구,주복13,주상복합,140.12,고위험,동일유형
41450MX2019001,하남교산 공공주택지구,주복7,주상복합,140.12,고위험,동일유형
41450MX2019001,하남교산 공공주택지구,주복2,주상복합,140.12,고위험,동일유형
41450MX2019001,하남교산 공공주택지구,주복8,주상복합,140.12,고위험,동일유형
41450MX2019001,하남교산 공공주택지구,주복9,주상복합,140.12,고위험,동일유형
41450MX2019001,하남교산 공공주택지구,주복5,주상복합,140.12,고위험,동일유형
41450MX2019001,하남교산 공공주택지구,주복4,주상복합,140.12,고위험,동일유형
41450MX2019001,하남교산 공공주택지구,주복1,주상복합,140.12,고위험,동일유형
41450MX2019001,하남교산 공공주택지구,수도3,수도공급시설,138.67,고위험,동일유형
41450MX2019001,하남교산 공공주택지구,수도3,수도공급시설,138.67,고위험,동일유형
41450MX2019001,하남교산 공공주택지구,수도4,수도공급시설,138.67,고위험,동일유형
41450MX2019001,하남교산 공공주택지구,수도1,수도공급시설,138.67,고위험,동일유형
41450MX2019001,하남교산 공공주택지구,수도3,수도공급시설,138.67,고위험,동일유형
41450MX2019001,하남교산 공공주택지구,수도3,수도공급시설,138.67,고위험,동일유형
41450MX2019001,하남교산 공공주택지구,수도3,수도공급시설,138.67,고위험,동일유형
41450MX2019001,하남교산 공공주택지구,수도3,수도공급시설,138.67,고위험,동일유형
41450MX2019001,하남교산 공공주택지구,수도2,수도공급시설,138.67,고위험,동일유형
41450MX2019001,하남교산 공공주택지구,수도4,수도공급시설,138.67,고위험,동일유형
41450MX2019001,하남교산 공공주택지구,수도3,수도공급시설,138.67,고위험,동일유형
41450MX2019001,하남교산 공공주택지구,수도1,수도공급시설,138.67,고위험,동일유형
41450MX2019001,하남교산 공공주택지구,수도1,수도공급시설,138.67,고위험,동일유형
41450MX2019001,하남교산 공공주택지구,수도1,수도공급시설,138.67,고위험,동일유형
41450MX2019001,하남교산 공공주택지구,수도1,수도공급시설,138.67,고위험,동일유형
41450MX2019001,하남교산 공공주택지구,수도4,수도공급시설,138.67,고위험,동일유형
41450MX2019001,하남교산 공공주택지구,수도3,수도공급시설,138.67,고위험,동일유형
41450MX2019001,하남교산 공공주택지구,수도1,수도공급시설,138.67,고위험,동일유형
41450MX2019001,하남교산 공공주택지구,수도3,수도공급시설,138.67,고위험,동일유형
41450MX2019001,하남교산 공공주택지구,수도3,수도공급시설,138.67,고위험,동일유형
41450MX2019001,하남교산 공공주택지구,수도1,수도공급시설,138.67,고위험,동일유형
41450MX2019001,하남교산 공공주택지구,수도3,수도공급시설,138.67,고위험,동일유형
41450MX2019001,하남교산 공공주택지구,수도1,수도공급시설,138.67,고위험,동일유형
41450MX2019001,하남교산 공공주택지구,수도1,수도공급시설,138.67,고위험,동일유형
41450MX2019001,하남교산 공공주택지구,수도2,수도공급시설,138.67,고위험,동일유형
41450MX2019001,하남교산 공공주택지구,수도3,수도공급시설,138.67,고위험,동일유형
41450MX2019001,하남교산 공공주택지구,수도1,수도공급시설,138.67,고위험,동일유형
41450MX2019001,하남교산 공공주택지구,수도2,수도공급시설,138.67,고위험,동일유형
41450MX2019001,하남교산 공공주택지구,수도4,수도공급시설,138.67,고위험,동일유형
41450MX2019001,하남교산 공공주택지구,수도1,수도공급시설,138.67,고위험,동일유형
41450MX2019001,하남교산 공공주택지구,수도1,수도공급시설,138.67,고위험,동일유형
41450MX2019001,하남교산 공공주택지구,수도3,수도공급시설,138.67,고위험,동일유형
41450MX2019001,하남교산 공공주택지구,수도4,수도공급시설,138.67,고위험,동일유형
41450MX2019001,하남교산 공공주택지구,광1,광장,133.84,고위험,동일유형
41450MX2019001,하남교산 공공주택지구,광6,광장,133.84,고위험,동일유형
41450MX2019001,하남교산 공공주택지구,광4,광장,133.84,고위험,동일유형
41450MX2019001,하남교산 공공주택지구,광3,광장,133.84,고위험,동일유형
41450MX2019001,하남교산 공공주택지구,광2,광장,133.84,고위험,동일유형
41450MX2019001,하남교산 공공주택지구,광5,광장,133.84,고위험,동일유형
41450MX2019001,하남교산 공공주택지구,광7,광장,133.84,고위험,동일유형
41450MX2019001,하남교산 공공주택지구,자족3,자족기능확보시설,121.69,고위험,동일유형
41450MX2019001,하남교산 공공주택지구,자족6,자족기능확보시설,121.69,고위험,동일유형
41450MX2019001,하남교산 공공주택지구,자족6,자족기능확보시설,121.69,고위험,동일유형
41450MX2019001,하남교산 공공주택지구,자족3,자족기능확보시설,121.69,고위험,동일유형
41450MX2019001,하남교산 공공주택지구,자족10,자족기능확보시설,121.69,고위험,동일유형
41450MX2019001,하남교산 공공주택지구,자족3,자족기능확보시설,121.69,고위험,동일유형
41450MX2019001,하남교산 공공주택지구,자족4,자족기능확보시설,121.69,고위험,동일유형
41450MX2019001,하남교산 공공주택지구,자족10,자족기능확보시설,121.69,고위험,동일유형
41450MX2019001,하남교산 공공주택지구,자족9,자족기능확보시설,121.69,고위험,동일유형
41450MX2019001,하남교산 공공주택지구,자족6,자족기능확보시설,121.69,고위험,동일유형
41450MX2019001,하남교산 공공주택지구,자족5,자족기능확보시설,121.69,고위험,동일유형
41450MX2019001,하남교산 공공주택지구,자족6,자족기능확보시설,121.69,고위험,동일유형
41450MX2019001,하남교산 공공주택지구,자복1,자족기능확보시설,121.69,고위험,동일유형
41450MX2019001,하남교산 공공주택지구,자족3,자족기능확보시설,121.69,고위험,동일유형
41450MX2019001,하남교산 공공주택지구,공공1,자족기능확보시설,121.69,고위험,동일유형
41450MX2019001,하남교산 공공주택지구,공공2,자족기능확보시설,121.69,고위험,동일유형
41450MX2019001,하남교산 공공주택지구,자족7,자족기능확보시설,121.69,고위험,동일유형
41450MX2019001,하남교산 공공주택지구,자족7,자족기능확보시설,121.69,고위험,동일유형
41450MX2019001,하남교산 공공주택지구,자족5,자족기능확보시설,121.69,고위험,동일유형
41450MX2019001,하남교산 공공주택지구,자족2,자족기능확보시설,121.69,고위험,동일유형
41450MX2019001,하남교산 공공주택지구,자족2,자족기능확보시설,121.69,고위험,동일유형
41450MX2019001,하남교산 공공주택지구,자족1,자족기능확보시설,121.69,고위험,동일유형
41450MX2019001,하남교산 공공주택지구,자족3,자족기능확보시설,121.69,고위험,동일유형
41450MX2019001,하남교산 공공주택지구,자족9,자족기능확보시설,121.69,고위험,동일유형
41450MX2019001,하남교산 공공주택지구,자족6,자족기능확보시설,121.69,고위험,동일유형
41450MX2019001,하남교산 공공주택지구,자족3,자족기능확보시설,121.69,고위험,동일유형
41450MX2019001,하남교산 공공주택지구,자족9,자족기능확보시설,121.69,고위험,동일유형
41450MX2019001,하남교산 공공주택지구,자족8,자족기능확보시설,121.69,고위험,동일유형
41450MX2019001,하남교산 공공주택지구,자족8,자족기능확보시설,121.69,고위험,동일유형
41450MX2019001,하남교산 공공주택지구,자족2,자족기능확보시설,121.69,고위험,동일유형
41450MX2019001,하남교산 공공주택지구,자족2,자족기능확보시설,121.69,고위험,동일유형
41450MX2019001,하남교산 공공주택지구,자족7,자족기능확보시설,121.69,고위험,동일유형
41450MX2019001,하남교산 공공주택지구,자족1,자족기능확보시설,121.69,고위험,동일유형
41450MX2019001,하남교산 공공주택지구,자족7,자족기능확보시설,121.69,고위험,동일유형
41450MX2019001,하남교산 공공주택지구,자족1,자족기능확보시설,121.69,고위험,동일유형
41450MX2019001,하남교산 공공주택지구,자족1,자족기능확보시설,121.69,고위험,동일유형
41450MX2019001,하남교산 공공주택지구,공공27,공공공지,121.68,고위험,동일유형
41450MX2019001,하남교산 공공주택지구,공공24,공공공지,121.68,고위험,동일유형
41450MX2019001,하남교산 공공주택지구,공공5,공공공지,121.68,고위험,동일유형
41450MX2019001,하남교산 공공주택지구,공공8,공공공지,121.68,고위험,동일유형
41450MX2019001,하남교산 공공주택지구,공공23,공공공지,121.68,고위험,동일유형
41450MX2019001,하남교산 공공주택지구,공공21,공공공지,121.68,고위험,동일유형
41450MX2019001,하남교산 공공주택지구,공공17,공공공지,121.68,고위험,동일유형
41450MX2019001,하남교산 공공주택지구,공공20,공공공지,121.68,고위험,동일유형
41450MX2019001,하남교산 공공주택지구,공공16,공공공지,121.68,고위험,동일유형
41450MX2019001,하남교산 공공주택지구,공공28,공공공지,121.68,고위험,동일유형
41450MX2019001,하남교산 공공주택지구,공공10,공공공지,121.68,고위험,동일유형
41450MX2019001,하남교산 공공주택지구,공공24,공공공지,121.68,고위험,동일유형
41450MX2019001,하남교산 공공주택지구,공공13,공공공지,121.68,고위험,동일유형
41450MX2019001,하남교산 공공주택지구,공공29,공공공지,121.68,고위험,동일유형
41450MX2019001,하남교산 공공주택지구,공공15,공공공지,121.68,고위험,동일유형
41450MX2019001,하남교산 공공주택지구,공공20,공공공지,121.68,고위험,동일유형
41450MX2019001,하남교산 공공주택지구,공공9,공공공지,121.68,고위험,동일유형
41450MX2019001,하남교산 공공주택지구,공공2,공공공지,121.68,고위험,동일유형
41450MX2019001,하남교산 공공주택지구,공공25,공공공지,121.68,고위험,동일유형
41450MX2019001,하남교산 공공주택지구,공공1,공공공지,121.68,고위험,동일유형
41450MX2019001,하남교산 공공주택지구,공공19,공공공지,121.68,고위험,동일유형
41450MX2019001,하남교산 공공주택지구,공공1,공공공지,121.68,고위험,동일유형
41450MX2019001,하남교산 공공주택지구,공공17,공공공지,121.68,고위험,동일유형
41450MX2019001,하남교산 공공주택지구,공공21,공공공지,121.68,고위험,동일유형
41450MX2019001,하남교산 공공주택지구,공공16,공공공지,121.68,고위험,동일유형
41450MX2019001,하남교산 공공주택지구,공공25,공공공지,121.68,고위험,동일유형
41450MX2019001,하남교산 공공주택지구,공공11,공공공지,121.68,고위험,동일유형
41450MX2019001,하남교산 공공주택지구,공공26,공공공지,121.68,고위험,동일유형
41450MX2019001,하남교산 공공주택지구,공공25,공공공지,121.68,고위험,동일유형
41450MX2019001,하남교산 공공주택지구,공공19,공공공지,121.68,고위험,동일유형
41450MX2019001,하남교산 공공주택지구,공공18,공공공지,121.68,고위험,동일유형
41450MX2019001,하남교산 공공주택지구,공공7,공공공지,121.68,고위험,동일유형
41450MX2019001,하남교산 공공주택지구,공공22,공공공지,121.68,고위험,동일유형
41450MX2019001,하남교산 공공주택지구,공공21,공공공지,121.68,고위험,동일유형
41450MX2019001,하남교산 공공주택지구,공공6,공공공지,121.68,고위험,동일유형
41450MX2019001,하남교산 공공주택지구,공공3,공공공지,121.68,고위험,동일유형
41450MX2019001,하남교산 공공주택지구,공공12,공공공지,121.68,고위험,동일유형
41450MX2019001,하남교산 공공주택지구,공공4,공공공지,121.68,고위험,동일유형
41450MX2019001,하남교산 공공주택지구,공공14,공공공지,121.68,고위험,동일유형
41450MX2019001,하남교산 공공주택지구,공공25,공공공지,121.68,고위험,동일유형
41450MX2019001,하남교산 공공주택지구,공공25,공공공지,121.68,고위험,동일유형
41450MX2019001,하남교산 공공주택지구,공복4,복합용지,120.63,고위험,동일유형
41450MX2019001,하남교산 공공주택지구,공복3,복합용지,120.63,고위험,동일유형
41450MX2019001,하남교산 공공주택지구,공복1,복합용지,120.63,고위험,동일유형
41450MX2019001,하남교산 공공주택지구,공복2,복합용지,120.63,고위험,동일유형
41450MX2019001,하남교산 공공주택지구,종12,종교시설용지,119.49,중위험,전체평균
41450MX2019001,하남교산 공공주택지구,P13,주차장,119.49,중위험,전체평균
41450MX2019001,하남교산 공공주택지구,복2,사회복지시설,119.49,중위험,전체평균
41450MX2019001,하남교산 공공주택지구,종13,종교시설용지,119.49,중위험,전체평균
41450MX2019001,하남교산 공공주택지구,P21,주차장,119.49,중위험,전체평균
41450MX2019001,하남교산 공공주택지구,유수3,유수지,119.49,중위험,전체평균
41450MX2019001,하남교산 공공주택지구,전10,전기공급설비,119.49,중위험,전체평균
41450MX2019001,하남교산 공공주택지구,가2,가압장,119.49,중위험,전체평균
41450MX2019001,하남교산 공공주택지구,P23,주차장,119.49,중위험,전체평균
41450MX2019001,하남교산 공공주택지구,P17,주차장,119.49,중위험,전체평균
41450MX2019001,하남교산 공공주택지구,P8,주차장,119.49,중위험,전체평균
41450MX2019001,하남교산 공공주택지구,문2,문화시설,119.49,중위험,전체평균
41450MX2019001,하남교산 공공주택지구,종14,종교시설용지,119.49,중위험,전체평균
41450MX2019001,하남교산 공공주택지구,전8,전기공급설비,119.49,중위험,전체평균
41450MX2019001,하남교산 공공주택지구,종4,종교시설용지,119.49,중위험,전체평균
41450MX2019001,하남교산 공공주택지구,P12,주차장,119.49,중위험,전체평균
41450MX2019001,하남교산 공공주택지구,전9,전기공급설비,119.49,중위험,전체평균
41450MX2019001,하남교산 공공주택지구,유수2,유수지,119.49,중위험,전체평균
41450MX2019001,하남교산 공공주택지구,유수5,유수지,119.49,중위험,전체평균
41450MX2019001,하남교산 공공주택지구,종7,종교시설용지,119.49,중위험,전체평균
41450MX2019001,하남교산 공공주택지구,P11,주차장,119.49,중위험,전체평균
41450MX2019001,하남교산 공공주택지구,전7,전기공급설비,119.49,중위험,전체평균
41450MX2019001,하남교산 공공주택지구,종4,종교시설용지,119.49,중위험,전체평균
41450MX2019001,하남교산 공공주택지구,복3,사회복지시설 사회복지시설사회복지시설사회복지?,119.49,중위험,전체평균
41450MX2019001,하남교산 공공주택지구,종8,종교시설용지,119.49,중위험,전체평균
41450MX2019001,하남교산 공공주택지구,P10,주차장,119.49,중위험,전체평균
41450MX2019001,하남교산 공공주택지구,종1,종교시설용지,119.49,중위험,전체평균
41450MX2019001,하남교산 공공주택지구,종3,종교시설용지,119.49,중위험,전체평균
41450MX2019001,하남교산 공공주택지구,전3,전기공급설비,119.49,중위험,전체평균
41450MX2019001,하남교산 공공주택지구,가1,가압장,119.49,중위험,전체평균
41450MX2019001,하남교산 공공주택지구,P18,주차장,119.49,중위험,전체평균
41450MX2019001,하남교산 공공주택지구,복9,사회복지시설,119.49,중위험,전체평균
41450MX2019001,하남교산 공공주택지구,도1,도서관,119.49,중위험,전체평균
41450MX2019001,하남교산 공공주택지구,P19,주차장,119.49,중위험,전체평균
41450MX2019001,하남교산 공공주택지구,전1,전기공급설비,119.49,중위험,전체평균
41450MX2019001,하남교산 공공주택지구,P1,주차장,119.49,중위험,전체평균
41450MX2019001,하남교산 공공주택지구,P16,주차장,119.49,중위험,전체평균
41450MX2019001,하남교산 공공주택지구,종2,종교시설용지,119.49,중위험,전체평균
41450MX2019001,하남교산 공공주택지구,종16,종교시설용지,119.49,중위험,전체평균
41450MX2019001,하남교산 공공주택지구,P24,주차장,119.49,중위험,전체평균
41450MX2019001,하남교산 공공주택지구,복4,사회복지시설,119.49,중위험,전체평균
41450MX2019001,하남교산 공공주택지구,P20,주차장,119.49,중위험,전체평균
41450MX2019001,하남교산 공공주택지구,복8,사회복지시설,119.49,중위험,전체평균
41450MX2019001,하남교산 공공주택지구,P3,주차장,119.49,중위험,전체평균
41450MX2019001,하남교산 공공주택지구,P15,주차장,119.49,중위험,전체평균
41450MX2019001,하남교산 공공주택지구,전4,전기공급설비,119.49,중위험,전체평균
41450MX2019001,하남교산 공공주택지구,P22,주차장,119.49,중위험,전체평균
41450MX2019001,하남교산 공공주택지구,종11,종교시설용지,119.49,중위험,전체평균
41450MX2019001,하남교산 공공주택지구,배1,배수시설,119.49,중위험,전체평균
41450MX2019001,하남교산 공공주택지구,종10,종교시설용지,119.49,중위험,전체평균
41450MX2019001,하남교산 공공주택지구,전6,전기공급설비,119.49,중위험,전체평균
41450MX2019001,하남교산 공공주택지구,복6,사회복지시설,119.49,중위험,전체평균
41450MX2019001,하남교산 공공주택지구,체1,체육시설,119.49,중위험,전체평균
41450MX2019001,하남교산 공공주택지구,종9,종교시설용지,119.49,중위험,전체평균
41450MX2019001,하남교산 공공주택지구,종15,종교시설용지,119.49,중위험,전체평균
41450MX2019001,하남교산 공공주택지구,농업1,농업관련시설,119.49,중위험,전체평균
41450MX2019001,하남교산 공공주택지구,문1,문화시설,119.49,중위험,전체평균
41450MX2019001,하남교산 공공주택지구,유수1,유수지,119.49,중위험,전체평균
41450MX2019001,하남교산 공공주택지구,유수4,유수지,119.49,중위험,전체평균
41450MX2019001,하남교산 공공주택지구,P9,주차장,119.49,중위험,전체평균
41450MX2019001,하남교산 공공주택지구,오1,오수중계펌프장,119.49,중위험,전체평균
41450MX2019001,하남교산 공공주택지구,복5,사회복지시설,119.49,중위험,전체평균
41450MX2019001,하남교산 공공주택지구,P6,주차장,119.49,중위험,전체평균
41450MX2019001,하남교산 공공주택지구,P14,주차장,119.49,중위험,전체평균
41450MX2019001,하남교산 공공주택지구,P7,주차장,119.49,중위험,전체평균
41450MX2019001,하남교산 공공주택지구,P5,주차장,119.49,중위험,전체평균
41450MX2019001,하남교산 공공주택지구,전5,전기공급설비,119.49,중위험,전체평균
41450MX2019001,하남교산 공공주택지구,열1,열공급설비,119.49,중위험,전체평균
41450MX2019001,하남교산 공공주택지구,종6,종교시설용지,119.49,중위험,전체평균
41450MX2019001,하남교산 공공주택지구,전2,전기공급설비,119.49,중위험,전체평균
41450MX2019001,하남교산 공공주택지구,복1,사회복지시설,119.49,중위험,전체평균
41450MX2019001,하남교산 공공주택지구,P2,주차장,119.49,중위험,전체평균
41450MX2019001,하남교산 공공주택지구,P4,주차장,119.49,중위험,전체평균
41450MX2019001,하남교산 공공주택지구,체2,체육시설,119.49,중위험,전체평균
41450MX2019001,하남교산 공공주택지구,배2,배수시설,119.49,중위험,전체평균
41450MX2019001,하남교산 공공주택지구,하천,하천,115.41,중위험,동일유형
41450MX2019001,하남교산 공공주택지구,하천,하천,115.41,중위험,동일유형
41450MX2019001,하남교산 공공주택지구,하천,하천,115.41,중위험,동일유형
41450MX2019001,하남교산 공공주택지구,하천,하천,115.41,중위험,동일유형
41450MX2019001,하남교산 공공주택지구,하천,하천,115.41,중위험,동일유형
41450MX2019001,하남교산 공공주택지구,하천,하천,115.41,중위험,동일유형
41450MX2019001,하남교산 공공주택지구,하천,하천,115.41,중위험,동일유형
41450MX2019001,하남교산 공공주택지구,하천,하천,115.41,중위험,동일유형
41450MX2019001,하남교산 공공주택지구,하천,하천,115.41,중위험,동일유형
41450MX2019001,하남교산 공공주택지구,하천,하천,115.41,중위험,동일유형
41450MX2019001,하남교산 공공주택지구,하천,하천,115.41,중위험,동일유형
41450MX2019001,하남교산 공공주택지구,하천,하천,115.41,중위험,동일유형
41450MX2019001,하남교산 공공주택지구,하천,하천,115.41,중위험,동일유형
41450MX2019001,하남교산 공공주택지구,하천,하천,115.41,중위험,동일유형
41450MX2019001,하남교산 공공주택지구,하천,하천,115.41,중위험,동일유형
41450MX2019001,하남교산 공공주택지구,하천,하천,115.41,중위험,동일유형
41450MX2019001,하남교산 공공주택지구,하천,하천,115.41,중위험,동일유형
41450MX2019001,하남교산 공공주택지구,하천,하천,115.41,중위험,동일유형
41450MX2019001,하남교산 공공주택지구,하천,하천,115.41,중위험,동일유형
41450MX2019001,하남교산 공공주택지구,하천,하천,115.41,중위험,동일유형
41450MX2019001,하남교산 공공주택지구,하천,하천,115.41,중위험,동일유형
41450MX2019001,하남교산 공공주택지구,하천,하천,115.41,중위험,동일유형
41450MX2019001,하남교산 공공주택지구,하천,하천,115.41,중위험,동일유형
41450MX2019001,하남교산 공공주택지구,하천,하천,115.41,중위험,동일유형
41450MX2019001,하남교산 공공주택지구,하천,하천,115.41,중위험,동일유형
41450MX2019001,하남교산 공공주택지구,하천,하천,115.41,중위험,동일유형
41450MX2019001,하남교산 공공주택지구,하천,하천,115.41,중위험,동일유형
41450MX2019001,하남교산 공공주택지구,하천,하천,115.41,중위험,동일유형
41450MX2019001,하남교산 공공주택지구,하천,하천,115.41,중위험,동일유형
41450MX2019001,하남교산 공공주택지구,하천,하천,115.41,중위험,동일유형
41450MX2019001,하남교산 공공주택지구,하천,하천,115.41,중위험,동일유형
41450MX2019001,하남교산 공공주택지구,하천,하천,115.41,중위험,동일유형
41450MX2019001,하남교산 공공주택지구,하천,하천,115.41,중위험,동일유형
41450MX2019001,하남교산 공공주택지구,하천,하천,115.41,중위험,동일유형
41450MX2019001,하남교산 공공주택지구,하천,하천,115.41,중위험,동일유형
41450MX2019001,하남교산 공공주택지구,하천,하천,115.41,중위험,동일유형
41450MX2019001,하남교산 공공주택지구,하천,하천,115.41,중위험,동일유형
41450MX2019001,하남교산 공공주택지구,하천,하천,115.41,중위험,동일유형
41450MX2019001,하남교산 공공주택지구,하천,하천,115.41,중위험,동일유형
41450MX2019001,하남교산 공공주택지구,하천,하천,115.41,중위험,동일유형
41450MX2019001,하남교산 공공주택지구,하천,하천,115.41,중위험,동일유형
41450MX2019001,하남교산 공공주택지구,하천,하천,115.41,중위험,동일유형
41450MX2019001,하남교산 공공주택지구,하천,하천,115.41,중위험,동일유형
41450MX2019001,하남교산 공공주택지구,하천,하천,115.41,중위험,동일유형
41450MX2019001,하남교산 공공주택지구,하천,하천,115.41,중위험,동일유형
41450MX2019001,하남교산 공공주택지구,하천,하천,115.41,중위험,동일유형
41450MX2019001,하남교산 공공주택지구,하천,하천,115.41,중위험,동일유형
41450MX2019001,하남교산 공공주택지구,하천,하천,115.41,중위험,동일유형
41450MX2019001,하남교산 공공주택지구,하천,하천,115.41,중위험,동일유형
41450MX2019001,하남교산 공공주택지구,하천,하천,115.41,중위험,동일유형
41450MX2019001,하남교산 공공주택지구,일상1,상업시설,111.44,중위험,동일유형
41450MX2019001,하남교산 공공주택지구,일상1,상업시설,111.44,중위험,동일유형
41450MX2019001,하남교산 공공주택지구,일상2,상업시설,111.44,중위험,동일유형
41450MX2019001,하남교산 공공주택지구,D1,연립,106.91,중위험,주거유형평균
41450MX2019001,하남교산 공공주택지구,주2,주유소용지,95.62,중위험,동일유형
41450MX2019001,하남교산 공공주택지구,주6,주유소용지,95.62,중위험,동일유형
41450MX2019001,하남교산 공공주택지구,주4,주유소용지,95.62,중위험,동일유형
41450MX2019001,하남교산 공공주택지구,주5,주유소용지,95.62,중위험,동일유형
41450MX2019001,하남교산 공공주택지구,주3,주유소용지,95.62,중위험,동일유형
41450MX2019001,하남교산 공공주택지구,주1,주유소용지,95.62,중위험,동일유형
41450MX2019001,하남교산 공공주택지구,수1,공원,94.38,중위험,동일유형
41450MX2019001,하남교산 공공주택지구,수1,공원,94.38,중위험,동일유형
41450MX2019001,하남교산 공공주택지구,수1,공원,94.38,중위험,동일유형
41450MX2019001,하남교산 공공주택지구,수7,공원,94.38,중위험,동일유형
41450MX2019001,하남교산 공공주택지구,수1,공원,94.38,중위험,동일유형
41450MX2019001,하남교산 공공주택지구,수3,공원,94.38,중위험,동일유형
41450MX2019001,하남교산 공공주택지구,수3,공원,94.38,중위험,동일유형
41450MX2019001,하남교산 공공주택지구,소3,공원,94.38,중위험,동일유형
41450MX2019001,하남교산 공공주택지구,수6,공원,94.38,중위험,동일유형
41450MX2019001,하남교산 공공주택지구,소7,공원,94.38,중위험,동일유형
41450MX2019001,하남교산 공공주택지구,수3,공원,94.38,중위험,동일유형
41450MX2019001,하남교산 공공주택지구,소6,공원,94.38,중위험,동일유형
41450MX2019001,하남교산 공공주택지구,수8,공원,94.38,중위험,동일유형
41450MX2019001,하남교산 공공주택지구,수7,공원,94.38,중위험,동일유형
41450MX2019001,하남교산 공공주택지구,수1,공원,94.38,중위험,동일유형
41450MX2019001,하남교산 공공주택지구,소11,공원,94.38,중위험,동일유형
41450MX2019001,하남교산 공공주택지구,수1,공원,94.38,중위험,동일유형
41450MX2019001,하남교산 공공주택지구,소2,공원,94.38,중위험,동일유형
41450MX2019001,하남교산 공공주택지구,수5,공원,94.38,중위험,동일유형
41450MX2019001,하남교산 공공주택지구,수7,공원,94.38,중위험,동일유형
41450MX2019001,하남교산 공공주택지구,수2,공원,94.38,중위험,동일유형
41450MX2019001,하남교산 공공주택지구,수6,공원,94.38,중위험,동일유형
41450MX2019001,하남교산 공공주택지구,근7,공원,94.38,중위험,동일유형
41450MX2019001,하남교산 공공주택지구,수1,공원,94.38,중위험,동일유형
41450MX2019001,하남교산 공공주택지구,근4,공원,94.38,중위험,동일유형
41450MX2019001,하남교산 공공주택지구,수1,공원,94.38,중위험,동일유형
41450MX2019001,하남교산 공공주택지구,근9,공원,94.38,중위험,동일유형
41450MX2019001,하남교산 공공주택지구,수1,공원,94.38,중위험,동일유형
41450MX2019001,하남교산 공공주택지구,어5,공원,94.38,중위험,동일유형
41450MX2019001,하남교산 공공주택지구,체2,공원,94.38,중위험,동일유형
41450MX2019001,하남교산 공공주택지구,역5,공원,94.38,중위험,동일유형
41450MX2019001,하남교산 공공주택지구,수5,공원,94.38,중위험,동일유형
41450MX2019001,하남교산 공공주택지구,소5,공원,94.38,중위험,동일유형
41450MX2019001,하남교산 공공주택지구,수1,공원,94.38,중위험,동일유형
41450MX2019001,하남교산 공공주택지구,근10,공원,94.38,중위험,동일유형
41450MX2019001,하남교산 공공주택지구,어3,공원,94.38,중위험,동일유형
41450MX2019001,하남교산 공공주택지구,수7,공원,94.38,중위험,동일유형
41450MX2019001,하남교산 공공주택지구,수2,공원,94.38,중위험,동일유형
41450MX2019001,하남교산 공공주택지구,수7,공원,94.38,중위험,동일유형
41450MX2019001,하남교산 공공주택지구,수2,공원,94.38,중위험,동일유형
41450MX2019001,하남교산 공공주택지구,수2,공원,94.38,중위험,동일유형
41450MX2019001,하남교산 공공주택지구,근8,공원,94.38,중위험,동일유형
41450MX2019001,하남교산 공공주택지구,수8,공원,94.38,중위험,동일유형
41450MX2019001,하남교산 공공주택지구,수5,공원,94.38,중위험,동일유형
41450MX2019001,하남교산 공공주택지구,수6,공원,94.38,중위험,동일유형
41450MX2019001,하남교산 공공주택지구,어6,공원,94.38,중위험,동일유형
41450MX2019001,하남교산 공공주택지구,수2,공원,94.38,중위험,동일유형
41450MX2019001,하남교산 공공주택지구,수1,공원,94.38,중위험,동일유형
41450MX2019001,하남교산 공공주택지구,수1,공원,94.38,중위험,동일유형
41450MX2019001,하남교산 공공주택지구,소1,공원,94.38,중위험,동일유형
41450MX2019001,하남교산 공공주택지구,수7,공원,94.38,중위험,동일유형
41450MX2019001,하남교산 공공주택지구,수5,공원,94.38,중위험,동일유형
41450MX2019001,하남교산 공공주택지구,수1,공원,94.38,중위험,동일유형
41450MX2019001,하남교산 공공주택지구,수1,공원,94.38,중위험,동일유형
41450MX2019001,하남교산 공공주택지구,수1,공원,94.38,중위험,동일유형
41450MX2019001,하남교산 공공주택지구,수6,공원,94.38,중위험,동일유형
41450MX2019001,하남교산 공공주택지구,수1,공원,94.38,중위험,동일유형
41450MX2019001,하남교산 공공주택지구,수1,공원,94.38,중위험,동일유형
41450MX2019001,하남교산 공공주택지구,소4,공원,94.38,중위험,동일유형
41450MX2019001,하남교산 공공주택지구,수1,공원,94.38,중위험,동일유형
41450MX2019001,하남교산 공공주택지구,수3,공원,94.38,중위험,동일유형
41450MX2019001,하남교산 공공주택지구,수1,공원,94.38,중위험,동일유형
41450MX2019001,하남교산 공공주택지구,수1,공원,94.38,중위험,동일유형
41450MX2019001,하남교산 공공주택지구,소14,공원,94.38,중위험,동일유형
41450MX2019001,하남교산 공공주택지구,수4,공원,94.38,중위험,동일유형
41450MX2019001,하남교산 공공주택지구,수1,공원,94.38,중위험,동일유형
41450MX2019001,하남교산 공공주택지구,수1,공원,94.38,중위험,동일유형
41450MX2019001,하남교산 공공주택지구,체1,공원,94.38,중위험,동일유형
41450MX2019001,하남교산 공공주택지구,어1,공원,94.38,중위험,동일유형
41450MX2019001,하남교산 공공주택지구,수3,공원,94.38,중위험,동일유형
41450MX2019001,하남교산 공공주택지구,수1,공원,94.38,중위험,동일유형
41450MX2019001,하남교산 공공주택지구,소8,공원,94.38,중위험,동일유형
41450MX2019001,하남교산 공공주택지구,수4,공원,94.38,중위험,동일유형
41450MX2019001,하남교산 공공주택지구,수8,공원,94.38,중위험,동일유형
41450MX2019001,하남교산 공공주택지구,수2,공원,94.38,중위험,동일유형
41450MX2019001,하남교산 공공주택지구,역3,공원,94.38,중위험,동일유형
41450MX2019001,하남교산 공공주택지구,수9,공원,94.38,중위험,동일유형
41450MX2019001,하남교산 공공주택지구,수6,공원,94.38,중위험,동일유형
41450MX2019001,하남교산 공공주택지구,어4,공원,94.38,중위험,동일유형
41450MX2019001,하남교산 공공주택지구,수6,공원,94.38,중위험,동일유형
41450MX2019001,하남교산 공공주택지구,근1,공원,94.38,중위험,동일유형
41450MX2019001,하남교산 공공주택지구,수7,공원,94.38,중위험,동일유형
41450MX2019001,하남교산 공공주택지구,수2,공원,94.38,중위험,동일유형
41450MX2019001,하남교산 공공주택지구,수8,공원,94.38,중위험,동일유형
41450MX2019001,하남교산 공공주택지구,수7,공원,94.38,중위험,동일유형
41450MX2019001,하남교산 공공주택지구,어2,공원,94.38,중위험,동일유형
41450MX2019001,하남교산 공공주택지구,수7,공원,94.38,중위험,동일유형
41450MX2019001,하남교산 공공주택지구,근4,공원,94.38,중위험,동일유형
41450MX2019001,하남교산 공공주택지구,역1,공원,94.38,중위험,동일유형
41450MX2019001,하남교산 공공주택지구,수1,공원,94.38,중위험,동일유형
41450MX2019001,하남교산 공공주택지구,근5,공원,94.38,중위험,동일유형
41450MX2019001,하남교산 공공주택지구,수1,공원,94.38,중위험,동일유형
41450MX2019001,하남교산 공공주택지구,수7,공원,94.38,중위험,동일유형
41450MX2019001,하남교산 공공주택지구,수7,공원,94.38,중위험,동일유형
41450MX2019001,하남교산 공공주택지구,수6,공원,94.38,중위험,동일유형
41450MX2019001,하남교산 공공주택지구,수1,공원,94.38,중위험,동일유형
41450MX2019001,하남교산 공공주택지구,수2,공원,94.38,중위험,동일유형
41450MX2019001,하남교산 공공주택지구,수1,공원,94.38,중위험,동일유형
41450MX2019001,하남교산 공공주택지구,수6,공원,94.38,중위험,동일유형
41450MX2019001,하남교산 공공주택지구,수2,공원,94.38,중위험,동일유형
41450MX2019001,하남교산 공공주택지구,소9,공원,94.38,중위험,동일유형
41450MX2019001,하남교산 공공주택지구,역2,공원,94.38,중위험,동일유형
41450MX2019001,하남교산 공공주택지구,수2,공원,94.38,중위험,동일유형
41450MX2019001,하남교산 공공주택지구,수4,공원,94.38,중위험,동일유형
41450MX2019001,하남교산 공공주택지구,수2,공원,94.38,중위험,동일유형
41450MX2019001,하남교산 공공주택지구,수5,공원,94.38,중위험,동일유형
41450MX2019001,하남교산 공공주택지구,소15,공원,94.38,중위험,동일유형
41450MX2019001,하남교산 공공주택지구,수2,공원,94.38,중위험,동일유형
41450MX2019001,하남교산 공공주택지구,어7,공원,94.38,중위험,동일유형
41450MX2019001,하남교산 공공주택지구,수2,공원,94.38,중위험,동일유형
41450MX2019001,하남교산 공공주택지구,근2,공원,94.38,중위험,동일유형
41450MX2019001,하남교산 공공주택지구,수2,공원,94.38,중위험,동일유형
41450MX2019001,하남교산 공공주택지구,역6,공원,94.38,중위험,동일유형
41450MX2019001,하남교산 공공주택지구,수5,공원,94.38,중위험,동일유형
41450MX2019001,하남교산 공공주택지구,역4,공원,94.38,중위험,동일유형
41450MX2019001,하남교산 공공주택지구,근3,공원,94.38,중위험,동일유형
41450MX2019001,하남교산 공공주택지구,근6,공원,94.38,중위험,동일유형
41450MX2019001,하남교산 공공주택지구,수4,공원,94.38,중위험,동일유형
41450MX2019001,하남교산 공공주택지구,수1,공원,94.38,중위험,동일유형
41450MX2019001,하남교산 공공주택지구,수1,공원,94.38,중위험,동일유형
41450MX2019001,하남교산 공공주택지구,소10,공원,94.38,중위험,동일유형
41450MX2019001,하남교산 공공주택지구,소12,공원,94.38,중위험,동일유형
41450MX2019001,하남교산 공공주택지구,소13,공원,94.38,중위험,동일유형
41450MX2019001,하남교산 공공주택지구,수4,공원,94.38,중위험,동일유형
41450MX2019001,하남교산 공공주택지구,수9,공원,94.38,중위험,동일유형
41450MX2019001,하남교산 공공주택지구,수8,공원,94.38,중위험,동일유형
41450MX2019001,하남교산 공공주택지구,수8,공원,94.38,중위험,동일유형
41450MX2019001,하남교산 공공주택지구,수1,공원,94.38,중위험,동일유형
41450MX2019001,하남교산 공공주택지구,도로,도로,93.83,중위험,동일유형
41450MX2019001,하남교산 공공주택지구,도로,도로,93.83,중위험,동일유형
41450MX2019001,하남교산 공공주택지구,도로,도로,93.83,중위험,동일유형
41450MX2019001,하남교산 공공주택지구,A10,공동주택,91.67,중위험,동일유형
41450MX2019001,하남교산 공공주택지구,S9,공동주택,91.67,중위험,동일유형
41450MX2019001,하남교산 공공주택지구,S6,공동주택,91.67,중위험,동일유형
41450MX2019001,하남교산 공공주택지구,S4,공동주택,91.67,중위험,동일유형
41450MX2019001,하남교산 공공주택지구,B1,공동주택,91.67,중위험,동일유형
41450MX2019001,하남교산 공공주택지구,S8,공동주택,91.67,중위험,동일유형
41450MX2019001,하남교산 공공주택지구,B3,공동주택,91.67,중위험,동일유형
41450MX2019001,하남교산 공공주택지구,A9,공동주택,91.67,중위험,동일유형
41450MX2019001,하남교산 공공주택지구,S2,공동주택,91.67,중위험,동일유형
41450MX2019001,하남교산 공공주택지구,S11,공동주택,91.67,중위험,동일유형
41450MX2019001,하남교산 공공주택지구,B2,공동주택,91.67,중위험,동일유형
41450MX2019001,하남교산 공공주택지구,A18,공동주택,91.67,중위험,동일유형
41450MX2019001,하남교산 공공주택지구,S10,공동주택,91.67,중위험,동일유형
41450MX2019001,하남교산 공공주택지구,A17,공동주택,91.67,중위험,동일유형
41450MX2019001,하남교산 공공주택지구,A6,공동주택,91.67,중위험,동일유형
41450MX2019001,하남교산 공공주택지구,A3,공동주택,91.67,중위험,동일유형
41450MX2019001,하남교산 공공주택지구,A13,공동주택,91.67,중위험,동일유형
41450MX2019001,하남교산 공공주택지구,A12,공동주택,91.67,중위험,동일유형
41450MX2019001,하남교산 공공주택지구,C2,공동주택,91.67,중위험,동일유형
41450MX2019001,하남교산 공공주택지구,S1,공동주택,91.67,중위험,동일유형
41450MX2019001,하남교산 공공주택지구,A21,공동주택,91.67,중위험,동일유형
41450MX2019001,하남교산 공공주택지구,A15,공동주택,91.67,중위험,동일유형
41450MX2019001,하남교산 공공주택지구,A19,공동주택,91.67,중위험,동일유형
41450MX2019001,하남교산 공공주택지구,A20,공동주택,91.67,중위험,동일유형
41450MX2019001,하남교산 공공주택지구,B5,공동주택,91.67,중위험,동일유형
41450MX2019001,하남교산 공공주택지구,A16,공동주택,91.67,중위험,동일유형
41450MX2019001,하남교산 공공주택지구,A11,공동주택,91.67,중위험,동일유형
41450MX2019001,하남교산 공공주택지구,S7,공동주택,91.67,중위험,동일유형
41450MX2019001,하남교산 공공주택지구,C3,공동주택,91.67,중위험,동일유형
41450MX2019001,하남교산 공공주택지구,S5,공동주택,91.67,중위험,동일유형
41450MX2019001,하남교산 공공주택지구,A14,공동주택,91.67,중위험,동일유형
41450MX2019001,하남교산 공공주택지구,A7,공동주택,91.67,중위험,동일유형
41450MX2019001,하남교산 공공주택지구,C1,공동주택,91.67,중위험,동일유형
41450MX2019001,하남교산 공공주택지구,A2,공동주택,91.67,중위험,동일유형
41450MX2019001,하남교산 공공주택지구,A4,공동주택,91.67,중위험,동일유형
41450MX2019001,하남교산 공공주택지구,A1,공동주택,91.67,중위험,동일유형
41450MX2019001,하남교산 공공주택지구,A5,공동주택,91.67,중위험,동일유형
41450MX2019001,하남교산 공공주택지구,A8,공동주택,91.67,중위험,동일유형
41450MX2019001,하남교산 공공주택지구,청3,공공청사,91.52,중위험,동일유형
41450MX2019001,하남교산 공공주택지구,청2,공공청사,91.52,중위험,동일유형
41450MX2019001,하남교산 공공주택지구,청6,공공청사,91.52,중위험,동일유형
41450MX2019001,하남교산 공공주택지구,청8,공공청사,91.52,중위험,동일유형
41450MX2019001,하남교산 공공주택지구,청5,공공청사,91.52,중위험,동일유형
41450MX2019001,하남교산 공공주택지구,청7,공공청사,91.52,중위험,동일유형
41450MX2019001,하남교산 공공주택지구,청1,공공청사,91.52,중위험,동일유형
41450MX2019001,하남교산 공공주택지구,청9,공공청사,91.52,중위험,동일유형
41450MX2019001,하남교산 공공주택지구,청4,공공청사,91.52,중위험,동일유형
41450MX2019001,하남교산 공공주택지구,연결녹지,연결녹지,89.55,중위험,동일유형
41450MX2019001,하남교산 공공주택지구,연결녹지,연결녹지,89.55,중위험,동일유형
41450MX2019001,하남교산 공공주택지구,연결녹지,연결녹지,89.55,중위험,동일유형
41450MX2019001,하남교산 공공주택지구,연결녹지,연결녹지,89.55,중위험,동일유형
41450MX2019001,하남교산 공공주택지구,연결녹지,연결녹지,89.55,중위험,동일유형
41450MX2019001,하남교산 공공주택지구,연결녹지,연결녹지,89.55,중위험,동일유형
41450MX2019001,하남교산 공공주택지구,연결녹지,연결녹지,89.55,중위험,동일유형
41450MX2019001,하남교산 공공주택지구,연결녹지,연결녹지,89.55,중위험,동일유형
41450MX2019001,하남교산 공공주택지구,연결녹지,연결녹지,89.55,중위험,동일유형
41450MX2019001,하남교산 공공주택지구,연결녹지,연결녹지,89.55,중위험,동일유형
41450MX2019001,하남교산 공공주택지구,R11,단독주택,89.53,중위험,동일유형
41450MX2019001,하남교산 공공주택지구,R11,단독주택,89.53,중위험,동일유형
41450MX2019001,하남교산 공공주택지구,R11,단독주택,89.53,중위험,동일유형
41450MX2019001,하남교산 공공주택지구,R11,단독주택,89.53,중위험,동일유형
41450MX2019001,하남교산 공공주택지구,R11,단독주택,89.53,중위험,동일유형
41450MX2019001,하남교산 공공주택지구,R4,단독주택,89.53,중위험,동일유형
41450MX2019001,하남교산 공공주택지구,R5,단독주택,89.53,중위험,동일유형
41450MX2019001,하남교산 공공주택지구,R1,단독주택,89.53,중위험,동일유형
41450MX2019001,하남교산 공공주택지구,R3,단독주택,89.53,중위험,동일유형
41450MX2019001,하남교산 공공주택지구,R10,단독주택,89.53,중위험,동일유형
41450MX2019001,하남교산 공공주택지구,R7,단독주택,89.53,중위험,동일유형
41450MX2019001,하남교산 공공주택지구,R3,단독주택,89.53,중위험,동일유형
41450MX2019001,하남교산 공공주택지구,R7,단독주택,89.53,중위험,동일유형
41450MX2019001,하남교산 공공주택지구,R6,단독주택,89.53,중위험,동일유형
41450MX2019001,하남교산 공공주택지구,R6,단독주택,89.53,중위험,동일유형
41450MX2019001,하남교산 공공주택지구,R10,단독주택,89.53,중위험,동일유형
41450MX2019001,하남교산 공공주택지구,R10,단독주택,89.53,중위험,동일유형
41450MX2019001,하남교산 공공주택지구,R5,단독주택,89.53,중위험,동일유형
41450MX2019001,하남교산 공공주택지구,R6,단독주택,89.53,중위험,동일유형
41450MX2019001,하남교산 공공주택지구,복7,단독주택,89.53,중위험,동일유형
41450MX2019001,하남교산 공공주택지구,R7,단독주택,89.53,중위험,동일유형
41450MX2019001,하남교산 공공주택지구,R7,단독주택,89.53,중위험,동일유형
41450MX2019001,하남교산 공공주택지구,R1,단독주택,89.53,중위험,동일유형
41450MX2019001,하남교산 공공주택지구,R3,단독주택,89.53,중위험,동일유형
41450MX2019001,하남교산 공공주택지구,R3,단독주택,89.53,중위험,동일유형
41450MX2019001,하남교산 공공주택지구,R3,단독주택,89.53,중위험,동일유형
41450MX2019001,하남교산 공공주택지구,R7,단독주택,89.53,중위험,동일유형
41450MX2019001,하남교산 공공주택지구,R1,단독주택,89.53,중위험,동일유형
41450MX2019001,하남교산 공공주택지구,R1,단독주택,89.53,중위험,동일유형
41450MX2019001,하남교산 공공주택지구,R1,단독주택,89.53,중위험,동일유형
41450MX2019001,하남교산 공공주택지구,R1,단독주택,89.53,중위험,동일유형
41450MX2019001,하남교산 공공주택지구,R2,단독주택,89.53,중위험,동일유형
41450MX2019001,하남교산 공공주택지구,R9,단독주택,89.53,중위험,동일유형
41450MX2019001,하남교산 공공주택지구,R9,단독주택,89.53,중위험,동일유형
41450MX2019001,하남교산 공공주택지구,R2,단독주택,89.53,중위험,동일유형
41450MX2019001,하남교산 공공주택지구,R11,단독주택,89.53,중위험,동일유형
41450MX2019001,하남교산 공공주택지구,R11,단독주택,89.53,중위험,동일유형
41450MX2019001,하남교산 공공주택지구,R9,단독주택,89.53,중위험,동일유형
41450MX2019001,하남교산 공공주택지구,R1,단독주택,89.53,중위험,동일유형
41450MX2019001,하남교산 공공주택지구,R1,단독주택,89.53,중위험,동일유형
41450MX2019001,하남교산 공공주택지구,R1,단독주택,89.53,중위험,동일유형
41450MX2019001,하남교산 공공주택지구,R6,단독주택,89.53,중위험,동일유형
41450MX2019001,하남교산 공공주택지구,R8,단독주택,89.53,중위험,동일유형
41450MX2019001,하남교산 공공주택지구,R3,단독주택,89.53,중위험,동일유형
41450MX2019001,하남교산 공공주택지구,R7,단독주택,89.53,중위험,동일유형
41450MX2019001,하남교산 공공주택지구,R7,단독주택,89.53,중위험,동일유형
41450MX2019001,하남교산 공공주택지구,R1,단독주택,89.53,중위험,동일유형
41450MX2019001,하남교산 공공주택지구,R1,단독주택,89.53,중위험,동일유형
41450MX2019001,하남교산 공공주택지구,R3,단독주택,89.53,중위험,동일유형
41450MX2019001,하남교산 공공주택지구,R7,단독주택,89.53,중위험,동일유형
41450MX2019001,하남교산 공공주택지구,R3,단독주택,89.53,중위험,동일유형
41450MX2019001,하남교산 공공주택지구,R3,단독주택,89.53,중위험,동일유형
41450MX2019001,하남교산 공공주택지구,R3,단독주택,89.53,중위험,동일유형
41450MX2019001,하남교산 공공주택지구,R7,단독주택,89.53,중위험,동일유형
41450MX2019001,하남교산 공공주택지구,R6,단독주택,89.53,중위험,동일유형
41450MX2019001,하남교산 공공주택지구,R6,단독주택,89.53,중위험,동일유형
41450MX2019001,하남교산 공공주택지구,R8,단독주택,89.53,중위험,동일유형
41450MX2019001,하남교산 공공주택지구,R7,단독주택,89.53,중위험,동일유형
41450MX2019001,하남교산 공공주택지구,R7,단독주택,89.53,중위험,동일유형
41450MX2019001,하남교산 공공주택지구,R3,단독주택,89.53,중위험,동일유형
41450MX2019001,하남교산 공공주택지구,R1,단독주택,89.53,중위험,동일유형
41450MX2019001,하남교산 공공주택지구,RB3,단독주택,89.53,중위험,동일유형
41450MX2019001,하남교산 공공주택지구,R12,단독주택,89.53,중위험,동일유형
41450MX2019001,하남교산 공공주택지구,R5,단독주택,89.53,중위험,동일유형
41450MX2019001,하남교산 공공주택지구,R5,단독주택,89.53,중위험,동일유형
41450MX2019001,하남교산 공공주택지구,R5,단독주택,89.53,중위험,동일유형
41450MX2019001,하남교산 공공주택지구,R8,단독주택,89.53,중위험,동일유형
41450MX2019001,하남교산 공공주택지구,R12,단독주택,89.53,중위험,동일유형
41450MX2019001,하남교산 공공주택지구,R8,단독주택,89.53,중위험,동일유형
41450MX2019001,하남교산 공공주택지구,R2,단독주택,89.53,중위험,동일유형
41450MX2019001,하남교산 공공주택지구,R2,단독주택,89.53,중위험,동일유형
41450MX2019001,하남교산 공공주택지구,R8,단독주택,89.53,중위험,동일유형
41450MX2019001,하남교산 공공주택지구,R11,단독주택,89.53,중위험,동일유형
41450MX2019001,하남교산 공공주택지구,R11,단독주택,89.53,중위험,동일유형
41450MX2019001,하남교산 공공주택지구,R12,단독주택,89.53,중위험,동일유형
41450MX2019001,하남교산 공공주택지구,R4,단독주택,89.53,중위험,동일유형
41450MX2019001,하남교산 공공주택지구,R4,단독주택,89.53,중위험,동일유형
41450MX2019001,하남교산 공공주택지구,R9,단독주택,89.53,중위험,동일유형
41450MX2019001,하남교산 공공주택지구,R11,단독주택,89.53,중위험,동일유형
41450MX2019001,하남교산 공공주택지구,R11,단독주택,89.53,중위험,동일유형
41450MX2019001,하남교산 공공주택지구,R4,단독주택,89.53,중위험,동일유형
41450MX2019001,하남교산 공공주택지구,R11,단독주택,89.53,중위험,동일유형
41450MX2019001,하남교산 공공주택지구,R11,단독주택,89.53,중위험,동일유형
41450MX2019001,하남교산 공공주택지구,R11,단독주택,89.53,중위험,동일유형
41450MX2019001,하남교산 공공주택지구,R11,단독주택,89.53,중위험,동일유형
41450MX2019001,하남교산 공공주택지구,R6,단독주택,89.53,중위험,동일유형
41450MX2019001,하남교산 공공주택지구,R9,단독주택,89.53,중위험,동일유형
41450MX2019001,하남교산 공공주택지구,R11,단독주택,89.53,중위험,동일유형
41450MX2019001,하남교산 공공주택지구,R6,단독주택,89.53,중위험,동일유형
41450MX2019001,하남교산 공공주택지구,R9,단독주택,89.53,중위험,동일유형
41450MX2019001,하남교산 공공주택지구,R7,단독주택,89.53,중위험,동일유형
41450MX2019001,하남교산 공공주택지구,R1,단독주택,89.53,중위험,동일유형
41450MX2019001,하남교산 공공주택지구,R3,단독주택,89.53,중위험,동일유형
41450MX2019001,하남교산 공공주택지구,R3,단독주택,89.53,중위험,동일유형
41450MX2019001,하남교산 공공주택지구,R7,단독주택,89.53,중위험,동일유형
41450MX2019001,하남교산 공공주택지구,R7,단독주택,89.53,중위험,동일유형
41450MX2019001,하남교산 공공주택지구,R10,단독주택,89.53,중위험,동일유형
41450MX2019001,하남교산 공공주택지구,R8,단독주택,89.53,중위험,동일유형
41450MX2019001,하남교산 공공주택지구,R1,단독주택,89.53,중위험,동일유형
41450MX2019001,하남교산 공공주택지구,R1,단독주택,89.53,중위험,동일유형
41450MX2019001,하남교산 공공주택지구,R7,단독주택,89.53,중위험,동일유형
41450MX2019001,하남교산 공공주택지구,RB1,단독주택,89.53,중위험,동일유형
41450MX2019001,하남교산 공공주택지구,R9,단독주택,89.53,중위험,동일유형
41450MX2019001,하남교산 공공주택지구,R9,단독주택,89.53,중위험,동일유형
41450MX2019001,하남교산 공공주택지구,R2,단독주택,89.53,중위험,동일유형
41450MX2019001,하남교산 공공주택지구,R9,단독주택,89.53,중위험,동일유형
41450MX2019001,하남교산 공공주택지구,R2,단독주택,89.53,중위험,동일유형
41450MX2019001,하남교산 공공주택지구,R2,단독주택,89.53,중위험,동일유형
41450MX2019001,하남교산 공공주택지구,R12,단독주택,89.53,중위험,동일유형
41450MX2019001,하남교산 공공주택지구,RB2,단독주택,89.53,중위험,동일유형
41450MX2019001,하남교산 공공주택지구,R9,단독주택,89.53,중위험,동일유형
41450MX2019001,하남교산 공공주택지구,R9,단독주택,89.53,중위험,동일유형
41450MX2019001,하남교산 공공주택지구,R12,단독주택,89.53,중위험,동일유형
41450MX2019001,하남교산 공공주택지구,R12,단독주택,89.53,중위험,동일유형
41450MX2019001,하남교산 공공주택지구,R2,단독주택,89.53,중위험,동일유형
41450MX2019001,하남교산 공공주택지구,완충녹지,완충녹지,89.25,중위험,동일유형
41450MX2019001,하남교산 공공주택지구,완충녹지,완충녹지,89.25,중위험,동일유형
41450MX2019001,하남교산 공공주택지구,완충녹지,완충녹지,89.25,중위험,동일유형
41450MX2019001,하남교산 공공주택지구,완충녹지,완충녹지,89.25,중위험,동일유형
41450MX2019001,하남교산 공공주택지구,완충녹지,완충녹지,89.25,중위험,동일유형
41450MX2019001,하남교산 공공주택지구,완충녹지,완충녹지,89.25,중위험,동일유형
41450MX2019001,하남교산 공공주택지구,완충녹지,완충녹지,89.25,중위험,동일유형
41450MX2019001,하남교산 공공주택지구,완충녹지,완충녹지,89.25,중위험,동일유형
41450MX2019001,하남교산 공공주택지구,완충녹지,완충녹지,89.25,중위험,동일유형
41450MX2019001,하남교산 공공주택지구,완충녹지,완충녹지,89.25,중위험,동일유형
41450MX2019001,하남교산 공공주택지구,완충녹지,완충녹지,89.25,중위험,동일유형
41450MX2019001,하남교산 공공주택지구,완충녹지,완충녹지,89.25,중위험,동일유형
41450MX2019001,하남교산 공공주택지구,완충녹지,완충녹지,89.25,중위험,동일유형
41450MX2019001,하남교산 공공주택지구,완충녹지,완충녹지,89.25,중위험,동일유형
41450MX2019001,하남교산 공공주택지구,완충녹지,완충녹지,89.25,중위험,동일유형
41450MX2019001,하남교산 공공주택지구,완충녹지,완충녹지,89.25,중위험,동일유형
41450MX2019001,하남교산 공공주택지구,완충녹지,완충녹지,89.25,중위험,동일유형
41450MX2019001,하남교산 공공주택지구,완충녹지,완충녹지,89.25,중위험,동일유형
41450MX2019001,하남교산 공공주택지구,완충녹지,완충녹지,89.25,중위험,동일유형
41450MX2019001,하남교산 공공주택지구,완충녹지,완충녹지,89.25,중위험,동일유형
41450MX2019001,하남교산 공공주택지구,완충녹지,완충녹지,89.25,중위험,동일유형
41450MX2019001,하남교산 공공주택지구,완충녹지,완충녹지,89.25,중위험,동일유형
41450MX2019001,하남교산 공공주택지구,완충녹지,완충녹지,89.25,중위험,동일유형
41450MX2019001,하남교산 공공주택지구,완충녹지,완충녹지,89.25,중위험,동일유형
41450MX2019001,하남교산 공공주택지구,완충녹지,완충녹지,89.25,중위험,동일유형
41450MX2019001,하남교산 공공주택지구,완충녹지,완충녹지,89.25,중위험,동일유형
41450MX2019001,하남교산 공공주택지구,완충녹지,완충녹지,89.25,중위험,동일유형
41450MX2019001,하남교산 공공주택지구,완충녹지,완충녹지,89.25,중위험,동일유형
41450MX2019001,하남교산 공공주택지구,완충녹지,완충녹지,89.25,중위험,동일유형
41450MX2019001,하남교산 공공주택지구,완충녹지,완충녹지,89.25,중위험,동일유형
41450MX2019001,하남교산 공공주택지구,완충녹지,완충녹지,89.25,중위험,동일유형
41450MX2019001,하남교산 공공주택지구,완충녹지,완충녹지,89.25,중위험,동일유형
41450MX2019001,하남교산 공공주택지구,완충녹지,완충녹지,89.25,중위험,동일유형
41450MX2019001,하남교산 공공주택지구,완충녹지,완충녹지,89.25,중위험,동일유형
41450MX2019001,하남교산 공공주택지구,완충녹지,완충녹지,89.25,중위험,동일유형
41450MX2019001,하남교산 공공주택지구,완충녹지,완충녹지,89.25,중위험,동일유형
41450MX2019001,하남교산 공공주택지구,완충녹지,완충녹지,89.25,중위험,동일유형
41450MX2019001,하남교산 공공주택지구,완충녹지,완충녹지,89.25,중위험,동일유형
41450MX2019001,하남교산 공공주택지구,완충녹지,완충녹지,89.25,중위험,동일유형
41450MX2019001,하남교산 공공주택지구,완충녹지,완충녹지,89.25,중위험,동일유형
41450MX2019001,하남교산 공공주택지구,완충녹지,완충녹지,89.25,중위험,동일유형
41450MX2019001,하남교산 공공주택지구,완충녹지,완충녹지,89.25,중위험,동일유형
41450MX2019001,하남교산 공공주택지구,완충녹지,완충녹지,89.25,중위험,동일유형
41450MX2019001,하남교산 공공주택지구,완충녹지,완충녹지,89.25,중위험,동일유형
41450MX2019001,하남교산 공공주택지구,완충녹지,완충녹지,89.25,중위험,동일유형
41450MX2019001,하남교산 공공주택지구,완충녹지,완충녹지,89.25,중위험,동일유형
41450MX2019001,하남교산 공공주택지구,완충녹지,완충녹지,89.25,중위험,동일유형
41450MX2019001,하남교산 공공주택지구,완충녹지,완충녹지,89.25,중위험,동일유형
41450MX2019001,하남교산 공공주택지구,완충녹지,완충녹지,89.25,중위험,동일유형
41450MX2019001,하남교산 공공주택지구,완충녹지,완충녹지,89.25,중위험,동일유형
41450MX2019001,하남교산 공공주택지구,완충녹지,완충녹지,89.25,중위험,동일유형
41450MX2019001,하남교산 공공주택지구,경관녹지,경관녹지,82.54,저위험,동일유형
41450MX2019001,하남교산 공공주택지구,경관녹지,경관녹지,82.54,저위험,동일유형
41450MX2019001,하남교산 공공주택지구,경관녹지,경관녹지,82.54,저위험,동일유형
41450MX2019001,하남교산 공공주택지구,경관녹지,경관녹지,82.54,저위험,동일유형
41450MX2019001,하남교산 공공주택지구,경관녹지,경관녹지,82.54,저위험,동일유형
41450MX2019001,하남교산 공공주택지구,경관녹지,경관녹지,82.54,저위험,동일유형
41450MX2019001,하남교산 공공주택지구,경관녹지,경관녹지,82.54,저위험,동일유형
41450MX2019001,하남교산 공공주택지구,경관녹지,경관녹지,82.54,저위험,동일유형
41450MX2019001,하남교산 공공주택지구,경관녹지,경관녹지,82.54,저위험,동일유형
41450MX2019001,하남교산 공공주택지구,경관녹지,경관녹지,82.54,저위험,동일유형
41450MX2019001,하남교산 공공주택지구,경관녹지,경관녹지,82.54,저위험,동일유형
41450MX2019001,하남교산 공공주택지구,경관녹지,경관녹지,82.54,저위험,동일유형
41450MX2019001,하남교산 공공주택지구,경관녹지,경관녹지,82.54,저위험,동일유형
41450MX2019001,하남교산 공공주택지구,경관녹지,경관녹지,82.54,저위험,동일유형
41450MX2019001,하남교산 공공주택지구,경관녹지,경관녹지,82.54,저위험,동일유형
41450MX2019001,하남교산 공공주택지구,경관녹지,경관녹지,82.54,저위험,동일유형
41450MX2019001,하남교산 공공주택지구,경관녹지,경관녹지,82.54,저위험,동일유형
41450MX2019001,하남교산 공공주택지구,경관녹지,경관녹지,82.54,저위험,동일유형
41450MX2019001,하남교산 공공주택지구,경관녹지,경관녹지,82.54,저위험,동일유형
41450MX2019001,하남교산 공공주택지구,경관녹지,경관녹지,82.54,저위험,동일유형
41450MX2019001,하남교산 공공주택지구,경관녹지,경관녹지,82.54,저위험,동일유형
41450MX2019001,하남교산 공공주택지구,경관녹지,경관녹지,82.54,저위험,동일유형
41450MX2019001,하남교산 공공주택지구,경관녹지,경관녹지,82.54,저위험,동일유형
41450MX2019001,하남교산 공공주택지구,경관녹지,경관녹지,82.54,저위험,동일유형
41450MX2019001,하남교산 공공주택지구,경관녹지,경관녹지,82.54,저위험,동일유형
41450MX2019001,하남교산 공공주택지구,보행자도로,보행자전용도로,82.17,저위험,동일유형
41450MX2019001,하남교산 공공주택지구,보행자도로,보행자전용도로,82.17,저위험,동일유형
41450MX2019001,하남교산 공공주택지구,보행자도로,보행자전용도로,82.17,저위험,동일유형
41450MX2019001,하남교산 공공주택지구,보행자도로,보행자전용도로,82.17,저위험,동일유형
41450MX2019001,하남교산 공공주택지구,보행자도로,보행자전용도로,82.17,저위험,동일유형
41450MX2019001,하남교산 공공주택지구,보행자도로,보행자전용도로,82.17,저위험,동일유형
41450MX2019001,하남교산 공공주택지구,보행자도로,보행자전용도로,82.17,저위험,동일유형
41450MX2019001,하남교산 공공주택지구,보행자도로,보행자전용도로,82.17,저위험,동일유형
41450MX2019001,하남교산 공공주택지구,보행자도로,보행자전용도로,82.17,저위험,동일유형
41450MX2019001,하남교산 공공주택지구,보행자도로,보행자전용도로,82.17,저위험,동일유형
41450MX2019001,하남교산 공공주택지구,보행자도로,보행자전용도로,82.17,저위험,동일유형
41450MX2019001,하남교산 공공주택지구,보행자도로,보행자전용도로,82.17,저위험,동일유형
41450MX2019001,하남교산 공공주택지구,보행자도로,보행자전용도로,82.17,저위험,동일유형
41450MX2019001,하남교산 공공주택지구,보행자도로,보행자전용도로,82.17,저위험,동일유형
41450MX2019001,하남교산 공공주택지구,보행자도로,보행자전용도로,82.17,저위험,동일유형
41450MX2019001,하남교산 공공주택지구,보행자도로,보행자전용도로,82.17,저위험,동일유형
41450MX2019001,하남교산 공공주택지구,보행자도로,보행자전용도로,82.17,저위험,동일유형
41450MX2019001,하남교산 공공주택지구,보행자도로,보행자전용도로,82.17,저위험,동일유형
41450MX2019001,하남교산 공공주택지구,보행자도로,보행자전용도로,82.17,저위험,동일유형
41450MX2019001,하남교산 공공주택지구,보행자도로,보행자전용도로,82.17,저위험,동일유형
41450MX2019001,하남교산 공공주택지구,보행자도로,보행자전용도로,82.17,저위험,동일유형
41450MX2019001,하남교산 공공주택지구,보행자도로,보행자전용도로,82.17,저위험,동일유형
41450MX2019001,하남교산 공공주택지구,보행자도로,보행자전용도로,82.17,저위험,동일유형
41450MX2019001,하남교산 공공주택지구,보행자도로,보행자전용도로,82.17,저위험,동일유형
41450MX2019001,하남교산 공공주택지구,보행자도로,보행자전용도로,82.17,저위험,동일유형
41450MX2019001,하남교산 공공주택지구,보행자도로,보행자전용도로,82.17,저위험,동일유형
41450MX2019001,하남교산 공공주택지구,보행자도로,보행자전용도로,82.17,저위험,동일유형
41450MX2019001,하남교산 공공주택지구,보행자도로,보행자전용도로,82.17,저위험,동일유형
41450MX2019001,하남교산 공공주택지구,보행자도로,보행자전용도로,82.17,저위험,동일유형
41450MX2019001,하남교산 공공주택지구,보행자도로,보행자전용도로,82.17,저위험,동일유형
41450MX2019001,하남교산 공공주택지구,보행자도로,보행자전용도로,82.17,저위험,동일유형
41450MX2019001,하남교산 공공주택지구,보행자도로,보행자전용도로,82.17,저위험,동일유형
41450MX2019001,하남교산 공공주택지구,보행자도로,보행자전용도로,82.17,저위험,동일유형
41450MX2019001,하남교산 공공주택지구,보행자도로,보행자전용도로,82.17,저위험,동일유형
41450MX2019001,하남교산 공공주택지구,보행자도로,보행자전용도로,82.17,저위험,동일유형
41450MX2019001,하남교산 공공주택지구,보행자도로,보행자전용도로,82.17,저위험,동일유형
41450MX2019001,하남교산 공공주택지구,보행자도로,보행자전용도로,82.17,저위험,동일유형
41450MX2019001,하남교산 공공주택지구,보행자도로,보행자전용도로,82.17,저위험,동일유형
41450MX2019001,하남교산 공공주택지구,보행자도로,보행자전용도로,82.17,저위험,동일유형
41450MX2019001,하남교산 공공주택지구,보행자도로,보행자전용도로,82.17,저위험,동일유형
41450MX2019001,하남교산 공공주택지구,보행자도로,보행자전용도로,82.17,저위험,동일유형
41450MX2019001,하남교산 공공주택지구,보행자도로,보행자전용도로,82.17,저위험,동일유형
41450MX2019001,하남교산 공공주택지구,보행자도로,보행자전용도로,82.17,저위험,동일유형
41450MX2019001,하남교산 공공주택지구,보행자도로,보행자전용도로,82.17,저위험,동일유형
41450MX2019001,하남교산 공공주택지구,보행자도로,보행자전용도로,82.17,저위험,동일유형
41450MX2019001,하남교산 공공주택지구,보행자도로,보행자전용도로,82.17,저위험,동일유형
41450MX2019001,하남교산 공공주택지구,보행자도로,보행자전용도로,82.17,저위험,동일유형
41450MX2019001,하남교산 공공주택지구,보행자도로,보행자전용도로,82.17,저위험,동일유형
41450MX2019001,하남교산 공공주택지구,보행자도로,보행자전용도로,82.17,저위험,동일유형
41450MX2019001,하남교산 공공주택지구,보행자도로,보행자전용도로,82.17,저위험,동일유형
41450MX2019001,하남교산 공공주택지구,근생3,근린생활시설용지,79.15,저위험,동일유형
41450MX2019001,하남교산 공공주택지구,근생3,근린생활시설용지,79.15,저위험,동일유형
41450MX2019001,하남교산 공공주택지구,근생3,근린생활시설용지,79.15,저위험,동일유형
41450MX2019001,하남교산 공공주택지구,근생2,근린생활시설용지,79.15,저위험,동일유형
41450MX2019001,하남교산 공공주택지구,근생5,근린생활시설용지,79.15,저위험,동일유형
41450MX2019001,하남교산 공공주택지구,근생7,근린생활시설용지,79.15,저위험,동일유형
41450MX2019001,하남교산 공공주택지구,근생3,근린생활시설용지,79.15,저위험,동일유형
41450MX2019001,하남교산 공공주택지구,근생3,근린생활시설용지,79.15,저위험,동일유형
41450MX2019001,하남교산 공공주택지구,근생3,근린생활시설용지,79.15,저위험,동일유형
41450MX2019001,하남교산 공공주택지구,근생4,근린생활시설용지,79.15,저위험,동일유형
41450MX2019001,하남교산 공공주택지구,근생3,근린생활시설용지,79.15,저위험,동일유형
41450MX2019001,하남교산 공공주택지구,근생6,근린생활시설용지,79.15,저위험,동일유형
41450MX2019001,하남교산 공공주택지구,근생8,근린생활시설용지,79.15,저위험,동일유형
41450MX2019001,하남교산 공공주택지구,근생2,근린생활시설용지,79.15,저위험,동일유형
41450MX2019001,하남교산 공공주택지구,근생8,근린생활시설용지,79.15,저위험,동일유형
41450MX2019001,하남교산 공공주택지구,근생1,근린생활시설용지,79.15,저위험,동일유형
41450MX2019001,하남교산 공공주택지구,근생1,근린생활시설용지,79.15,저위험,동일유형
41450MX2019001,하남교산 공공주택지구,근생1,근린생활시설용지,79.15,저위험,동일유형
41450MX2019001,하남교산 공공주택지구,근생1,근린생활시설용지,79.15,저위험,동일유형
41450MX2019001,하남교산 공공주택지구,근생1,근린생활시설용지,79.15,저위험,동일유형
41450MX2019001,하남교산 공공주택지구,근생1,근린생활시설용지,79.15,저위험,동일유형
41450MX2019001,하남교산 공공주택지구,근생1,근린생활시설용지,79.15,저위험,동일유형
41450MX2019001,하남교산 공공주택지구,근생8,근린생활시설용지,79.15,저위험,동일유형
41450MX2019001,하남교산 공공주택지구,근생8,근린생활시설용지,79.15,저위험,동일유형
41450MX2019001,하남교산 공공주택지구,근생6,근린생활시설용지,79.15,저위험,동일유형
41450MX2019001,하남교산 공공주택지구,중3,교육시설,75.45,저위험,학교유형평균
41450MX2019001,하남교산 공공주택지구,유7,교육시설,75.45,저위험,학교유형평균
41450MX2019001,하남교산 공공주택지구,초3,교육시설,75.45,저위험,학교유형평균
41450MX2019001,하남교산 공공주택지구,유2,교육시설,75.45,저위험,학교유형평균
41450MX2019001,하남교산 공공주택지구,초8,교육시설,75.45,저위험,학교유형평균
41450MX2019001,하남교산 공공주택지구,유6,교육시설,75.45,저위험,학교유형평균
41450MX2019001,하남교산 공공주택지구,초7,교육시설,75.45,저위험,학교유형평균
41450MX2019001,하남교산 공공주택지구,초5,교육시설,75.45,저위험,학교유형평균
41450MX2019001,하남교산 공공주택지구,초1,교육시설,75.45,저위험,학교유형평균
41450MX2019001,하남교산 공공주택지구,고4,교육시설,75.45,저위험,학교유형평균
41450MX2019001,하남교산 공공주택지구,고3,교육시설,75.45,저위험,학교유형평균
41450MX2019001,하남교산 공공주택지구,유3,교육시설,75.45,저위험,학교유형평균
41450MX2019001,하남교산 공공주택지구,중4,교육시설,75.45,저위험,학교유형평균
41450MX2019001,하남교산 공공주택지구,초4,교육시설,75.45,저위험,학교유형평균
41450MX2019001,하남교산 공공주택지구,유4,교육시설,75.45,저위험,학교유형평균
41450MX2019001,하남교산 공공주택지구,고2,교육시설,75.45,저위험,학교유형평균
41450MX2019001,하남교산 공공주택지구,유5,교육시설,75.45,저위험,학교유형평균
41450MX2019001,하남교산 공공주택지구,중1,교육시설,75.45,저위험,학교유형평균
41450MX2019001,하남교산 공공주택지구,유1,교육시설,75.45,저위험,학교유형평균
41450MX2019001,하남교산 공공주택지구,고1,교육시설,75.45,저위험,학교유형평균
41450MX2019001,하남교산 공공주택지구,유8,교육시설,75.45,저위험,학교유형평균
41450MX2019001,하남교산 공공주택지구,중2,교육시설,75.45,저위험,학교유형평균
41450MX2019001,하남교산 공공주택지구,초6,교육시설,75.45,저위험,학교유형평균
41450MX2019001,하남교산 공공주택지구,특1,교육시설,75.45,저위험,학교유형평균
41450MX2019001,하남교산 공공주택지구,중복8,복합시설용지기타,74.09,저위험,동일유형
41450MX2019001,하남교산 공공주택지구,중복3,복합시설용지기타,74.09,저위험,동일유형
41450MX2019001,하남교산 공공주택지구,중복7,복합시설용지기타,74.09,저위험,동일유형
41450MX2019001,하남교산 공공주택지구,중복4,복합시설용지기타,74.09,저위험,동일유형
41450MX2019001,하남교산 공공주택지구,중복10,복합시설용지기타,74.09,저위험,동일유형
41450MX2019001,하남교산 공공주택지구,중복9,복합시설용지기타,74.09,저위험,동일유형
41450MX2019001,하남교산 공공주택지구,중복1,복합시설용지기타,74.09,저위험,동일유형
41450MX2019001,하남교산 공공주택지구,중복5,복합시설용지기타,74.09,저위험,동일유형
41450MX2019001,하남교산 공공주택지구,중복6,복합시설용지기타,74.09,저위험,동일유형
41450MX2019001,하남교산 공공주택지구,중복2,복합시설용지기타,74.09,저위험,동일유형
41450MX2019001,하남교산 공공주택지구,중복11,복합시설용지기타,74.09,저위험,동일유형
41450MX2019001,하남교산 공공주택지구,중복13,복합시설용지기타,74.09,저위험,동일유형
41450MX2019001,하남교산 공공주택지구,중복12,복합시설용지기타,74.09,저위험,동일유형
