grid_gid,epdo_total,accident_cnt,사망_cnt,중상_cnt,elderly_res_pop,elderly_res_ratio,child_float_pop,elderly_float_pop,vuln_float_ratio,vuln_time_work,vuln_time_visit,vuln_peak_pop,weekend_ratio,grid_avg_speed,grid_congestion,gap_cnt,gap_items,land_use,vuln_correction,infra_penalty,speed_weight,congestion_factor,peak_factor,weekend_factor,composite_risk,risk_label,composite_rank,correction_index,entropy_composite_risk,entropy_rank,핵심_인프라공백,제안시설,위험등급
다사729514,439.0,9,1,0,0.0,0.0,10414.28,20462.27,0.3117,648.0678,1855.6959,2503.7637,0.5278,22.29,62.5895,3,child_zone_cnt(없음) | speedbump_cnt(없음) | bus_stop_cnt(없음),업무시설,1.3117,1.5,0.3715,1.6259,1.5,1.0139,793.47,통행피크위험,57,0.168226,512.85,15,child_zone_cnt / speedbump_cnt / bus_stop_cnt,과속저감 패키지(방지턱+노면표시) + 버스정류장 연계 보행안전시설 + 어린이보호구역 보강,고위험
다사735489,391.0,1,1,0,143.0,0.4783,701.67,7655.99,0.4872,99.2705,353.3405,452.611,0.3751,,,3,crosswalk_cnt(없음) | child_zone_cnt(없음) | bus_stop_cnt(없음),미분류,1.9655,1.5,1.0,1.0,1.4613,1.0,1684.54,노인밀집거주 | 교통약자유동多 | 통행피크위험,12,0.265383,494.76,20,crosswalk_cnt / child_zone_cnt / bus_stop_cnt,버스정류장 연계 보행안전시설 + 스마트 횡단보도 + 어린이보호구역 보강,고위험
다사752493,460.0,2,1,1,0.0,0,218.28,1009.34,0.3727,20.0153,72.5547,92.57,0.3814,24.82,46.5919,3,child_zone_cnt(없음) | speedbump_cnt(없음) | bus_stop_cnt(없음),미분류,1.3727,1.5,0.4137,1.4659,1.0,1.0,574.4,교통약자유동多,96,0.06995,492.18,21,child_zone_cnt / speedbump_cnt / bus_stop_cnt,과속저감 패키지(방지턱+노면표시) + 버스정류장 연계 보행안전시설 + 어린이보호구역 보강,고위험
다사726482,424.0,6,1,0,0.0,0,52.97,483.51,0.2817,2.9502,18.4627,21.4129,0.6538,59.73,54.8362,6,crosswalk_cnt(없음) | child_zone_cnt(없음) | speedbump_cnt(없음) | cctv_cnt(없음) | cctv_cam_cnt(없음) | bus_stop_cnt(없음),미분류,1.2817,2.0,0.9955,1.5484,1.0,1.0769,1804.19,주말방문집중,6,0.108678,470.08,28,crosswalk_cnt / child_zone_cnt / speedbump_cnt / cctv_cnt / cctv_cam_cnt / bus_stop_cnt,과속저감 패키지(방지턱+노면표시) + 버스정류장 연계 보행안전시설 + 스마트 횡단보도 + 어린이보호구역 보강 + 지능형 CCTV,고위험
다사724512,292.0,6,0,4,0.0,0,2681.14,3993.29,0.3316,81.0506,294.3636,375.4142,0.4162,31.42,22.9805,3,child_zone_cnt(없음) | speedbump_cnt(없음) | cctv_cam_cnt(부족),근린공원,1.3316,1.5,0.5237,1.2298,1.3315,1.0,500.16,통행피크위험,124,0.068283,311.94,71,child_zone_cnt / speedbump_cnt / cctv_cam_cnt,과속저감 패키지(방지턱+노면표시) + 어린이보호구역 보강 + 지능형 CCTV,고위험
다사726520,261.0,10,0,3,0.0,0,3027.35,6215.68,0.3277,155.2589,597.9826,753.2415,0.4234,28.32,33.4077,4,child_zone_cnt(없음) | speedbump_cnt(없음) | cctv_cam_cnt(부족) | bus_stop_cnt(없음),도로,1.3277,1.6667,0.472,1.3341,1.5,1.0,545.53,통행피크위험,104,0.090001,284.49,76,child_zone_cnt / speedbump_cnt / cctv_cam_cnt / bus_stop_cnt,과속저감 패키지(방지턱+노면표시) + 버스정류장 연계 보행안전시설 + 어린이보호구역 보강 + 지능형 CCTV,고위험
다사734492,207.0,3,0,3,65.0,0.4088,227.89,1579.98,0.3693,44.4877,171.3874,215.8751,0.2752,23.39,56.1547,2,child_zone_cnt(없음) | speedbump_cnt(없음),미분류,1.7781,1.3333,0.3898,1.5615,1.0631,1.0,317.55,노인밀집거주 | 교통약자유동多 | 통행피크위험,337,0.263778,261.6,84,child_zone_cnt / speedbump_cnt,과속저감 패키지(방지턱+노면표시) + 어린이보호구역 보강,고위험
다사733496,239.0,7,0,3,0.0,0,391.27,1903.17,0.3351,56.727,139.6638,196.3908,0.5281,25.42,69.866,2,child_zone_cnt(없음) | speedbump_cnt(없음),미분류,1.3351,1.3333,0.4237,1.6987,1.0303,1.0141,319.93,통행피크위험,332,0.090975,260.74,85,child_zone_cnt / speedbump_cnt,과속저감 패키지(방지턱+노면표시) + 어린이보호구역 보강,고위험
다사738493,231.0,8,0,3,0.0,0,1089.24,5041.98,0.3819,88.5911,318.1058,406.6969,0.4814,36.28,99.9283,1,child_zone_cnt(없음),미분류,1.3819,1.1667,0.6047,1.9993,1.3841,1.0,623.21,교통약자유동多 | 통행피크위험,85,0.120718,258.89,87,child_zone_cnt,어린이보호구역 보강,고위험
다사739488,182.0,9,0,2,154.0,0.4242,2561.56,20324.56,0.3863,453.7447,1389.5509,1843.2956,0.5601,23.06,81.4937,2,child_zone_cnt(없음) | speedbump_cnt(없음),미분류,1.8105,1.3333,0.3843,1.8149,1.5,1.0301,473.47,노인밀집거주 | 교통약자유동多 | 주말방문집중 | 통행피크위험,134,0.354561,246.53,95,child_zone_cnt / speedbump_cnt,과속저감 패키지(방지턱+노면표시) + 어린이보호구역 보강,고위험
다사725520,154.0,5,0,2,176.0,0.6175,3808.36,6918.14,0.3328,165.9697,646.9133,812.883,0.4218,25.76,43.654,5,child_zone_cnt(없음) | speedbump_cnt(없음) | cctv_cnt(없음) | cctv_cam_cnt(없음) | bus_stop_cnt(없음),중심상업,1.9503,1.8333,0.4293,1.4365,1.5,1.0,509.35,노인밀집거주 | 통행피크위험,119,0.38788,213.73,110,child_zone_cnt / speedbump_cnt / cctv_cnt / cctv_cam_cnt / bus_stop_cnt,과속저감 패키지(방지턱+노면표시) + 버스정류장 연계 보행안전시설 + 어린이보호구역 보강 + 지능형 CCTV,고위험
다사740488,162.0,5,0,2,80.0,0.3902,1322.61,8901.78,0.4012,244.9366,650.1244,895.061,0.582,,,4,crosswalk_cnt(없음) | child_zone_cnt(없음) | speedbump_cnt(없음) | bus_stop_cnt(없음),미분류,1.7914,1.6667,1.0,1.0,1.5,1.041,755.28,노인밀집거주 | 교통약자유동多 | 주말방문집중 | 통행피크위험,62,0.248543,202.26,123,crosswalk_cnt / child_zone_cnt / speedbump_cnt / bus_stop_cnt,과속저감 패키지(방지턱+노면표시) + 버스정류장 연계 보행안전시설 + 스마트 횡단보도 + 어린이보호구역 보강,고위험
다사741491,153.0,5,0,2,107.0,0.3365,4400.02,18863.79,0.4105,330.9003,1161.1242,1492.0245,0.5272,28.47,80.252,3,child_zone_cnt(없음) | speedbump_cnt(없음) | bus_stop_cnt(없음),미분류,1.747,1.5,0.4745,1.8025,1.5,1.0136,521.37,노인밀집거주 | 교통약자유동多 | 통행피크위험,110,0.305667,199.77,126,child_zone_cnt / speedbump_cnt / bus_stop_cnt,과속저감 패키지(방지턱+노면표시) + 버스정류장 연계 보행안전시설 + 어린이보호구역 보강,고위험
다사722519,170.0,6,0,2,0.0,0,1800.45,3091.34,0.3651,51.8025,173.033,224.8355,0.5768,29.64,25.1871,5,child_zone_cnt(없음) | speedbump_cnt(없음) | cctv_cnt(없음) | cctv_cam_cnt(없음) | bus_stop_cnt(없음),하천,1.3651,1.8333,0.494,1.2519,1.0782,1.0384,294.58,교통약자유동多 | 주말방문집중 | 통행피크위험,387,0.07494,182.74,160,child_zone_cnt / speedbump_cnt / cctv_cnt / cctv_cam_cnt / bus_stop_cnt,과속저감 패키지(방지턱+노면표시) + 버스정류장 연계 보행안전시설 + 어린이보호구역 보강 + 지능형 CCTV,고위험
다사727520,162.0,6,0,2,0.0,0,1248.64,2613.8,0.3255,65.3156,211.0298,276.3454,0.5807,26.23,43.0602,2,child_zone_cnt(없음) | speedbump_cnt(없음),도로,1.3255,1.3333,0.4372,1.4306,1.1648,1.0404,217.01,주말방문집중 | 통행피크위험,598,0.077791,174.6,182,child_zone_cnt / speedbump_cnt,과속저감 패키지(방지턱+노면표시) + 어린이보호구역 보강,고위험
다사741488,138.0,2,0,2,142.0,0.4656,254.66,1768.9,0.3907,58.5741,179.3344,237.9085,0.3115,,,3,crosswalk_cnt(없음) | child_zone_cnt(없음) | bus_stop_cnt(없음),미분류,1.8563,1.5,1.0,1.0,1.1002,1.0,422.76,노인밀집거주 | 교통약자유동多 | 통행피크위험,182,0.248674,172.32,190,crosswalk_cnt / child_zone_cnt / bus_stop_cnt,버스정류장 연계 보행안전시설 + 스마트 횡단보도 + 어린이보호구역 보강,고위험
다사737491,144.0,3,0,2,79.0,0.3147,493.52,2991.73,0.4122,64.8814,242.4495,307.3309,0.3786,,,4,crosswalk_cnt(없음) | child_zone_cnt(없음) | cctv_cam_cnt(부족) | bus_stop_cnt(없음),미분류,1.7269,1.6667,1.0,1.0,1.2169,1.0,504.36,노인밀집거주 | 교통약자유동多 | 통행피크위험,123,0.18625,170.82,199,crosswalk_cnt / child_zone_cnt / cctv_cam_cnt / bus_stop_cnt,버스정류장 연계 보행안전시설 + 스마트 횡단보도 + 어린이보호구역 보강 + 지능형 CCTV,고위험
다사722501,153.0,15,0,1,0.0,0,917.89,3968.09,0.2897,104.0158,317.6215,421.6373,0.3279,30.05,57.9282,4,child_zone_cnt(없음) | speedbump_cnt(없음) | cctv_cam_cnt(부족) | bus_stop_cnt(없음),자족기능확보시설,1.2897,1.6667,0.5008,1.5793,1.4092,1.0,366.56,통행피크위험,267,0.092213,167.11,211,child_zone_cnt / speedbump_cnt / cctv_cam_cnt / bus_stop_cnt,과속저감 패키지(방지턱+노면표시) + 버스정류장 연계 보행안전시설 + 어린이보호구역 보강 + 지능형 CCTV,고위험
다사729481,146.0,3,0,2,0.0,0,92.64,660.54,0.3107,0.7966,10.3857,11.1823,0.6833,68.46,44.598,4,crosswalk_cnt(없음) | child_zone_cnt(없음) | speedbump_cnt(없음) | bus_stop_cnt(없음),미분류,1.3107,1.6667,1.141,1.446,1.0,1.0917,574.47,주말방문집중 | 고속도로위험,94,0.101707,160.85,222,crosswalk_cnt / child_zone_cnt / speedbump_cnt / bus_stop_cnt,과속저감 패키지(방지턱+노면표시) + 버스정류장 연계 보행안전시설 + 스마트 횡단보도 + 어린이보호구역 보강,고위험
다사723506,146.0,3,0,2,0.0,0,1176.38,2146.33,0.3279,64.059,167.8024,231.8614,0.4749,27.41,47.0451,3,child_zone_cnt(없음) | speedbump_cnt(없음) | bus_stop_cnt(없음),근린상업,1.3279,1.5,0.4568,1.4705,1.09,1.0,212.93,통행피크위험 | 상업지역,622,0.079071,157.54,234,child_zone_cnt / speedbump_cnt / bus_stop_cnt,과속저감 패키지(방지턱+노면표시) + 버스정류장 연계 보행안전시설 + 어린이보호구역 보강,고위험
다사735514,138.0,2,0,2,0.0,0,169.68,927.89,0.2567,56.0592,57.1323,113.1915,0.5191,25.99,37.4767,3,child_zone_cnt(없음) | speedbump_cnt(없음) | bus_stop_cnt(없음),일반상업,1.2567,1.5,0.4332,1.3748,1.0,1.0095,156.4,상업지역,963,0.068239,147.42,258,child_zone_cnt / speedbump_cnt / bus_stop_cnt,과속저감 패키지(방지턱+노면표시) + 버스정류장 연계 보행안전시설 + 어린이보호구역 보강,고위험
다사755477,138.0,2,0,2,0.0,0,83.45,877.66,0.3596,9.9669,24.7448,34.7117,0.4631,57.58,1.7075,3,crosswalk_cnt(없음) | child_zone_cnt(없음) | speedbump_cnt(없음),미분류,1.3596,1.5,0.9597,1.0171,1.0,1.0,274.71,교통약자유동多,427,0.058231,146.04,265,crosswalk_cnt / child_zone_cnt / speedbump_cnt,과속저감 패키지(방지턱+노면표시) + 스마트 횡단보도 + 어린이보호구역 보강,고위험
다사738470,138.0,2,0,2,0.0,0,139.66,1764.99,0.3499,41.055,64.8792,105.9342,0.6207,36.47,3.3385,4,child_zone_cnt(없음) | speedbump_cnt(없음) | cctv_cam_cnt(부족) | bus_stop_cnt(없음),미분류,1.3499,1.6667,0.6078,1.0334,1.0,1.0604,206.79,교통약자유동多 | 주말방문집중,645,0.058132,146.02,266,child_zone_cnt / speedbump_cnt / cctv_cam_cnt / bus_stop_cnt,과속저감 패키지(방지턱+노면표시) + 버스정류장 연계 보행안전시설 + 어린이보호구역 보강 + 지능형 CCTV,고위험
다사737488,109.0,6,0,1,96.0,0.3765,2507.18,14957.38,0.3843,388.518,1247.3336,1635.8516,0.5509,23.1,77.9006,3,crosswalk_cnt(없음) | child_zone_cnt(없음) | bus_stop_cnt(없음),미분류,1.7608,1.5,0.385,1.779,1.5,1.0254,303.28,노인밀집거주 | 교통약자유동多 | 주말방문집중 | 통행피크위험,365,0.325258,144.45,270,crosswalk_cnt / child_zone_cnt / bus_stop_cnt,버스정류장 연계 보행안전시설 + 스마트 횡단보도 + 어린이보호구역 보강,고위험
다사720500,123.0,8,0,1,0.0,0,2880.68,15147.88,0.3054,391.9042,695.7722,1087.6764,0.6039,43.56,66.8041,2,child_zone_cnt(없음) | speedbump_cnt(없음),교통광장,1.3054,1.3333,0.726,1.668,1.5,1.0519,409.05,주말방문집중 | 통행피크위험,204,0.132375,139.28,279,child_zone_cnt / speedbump_cnt,과속저감 패키지(방지턱+노면표시) + 어린이보호구역 보강,고위험
다사727513,117.0,7,0,1,24.0,0.0505,9480.48,16372.05,0.316,460.3208,1475.8923,1936.2131,0.4869,20.75,73.4198,4,child_zone_cnt(없음) | speedbump_cnt(없음) | cctv_cam_cnt(부족) | bus_stop_cnt(없음),중심상업,1.3665,1.6667,0.3458,1.7342,1.5,1.0,239.7,통행피크위험,522,0.179827,138.04,283,child_zone_cnt / speedbump_cnt / cctv_cam_cnt / bus_stop_cnt,과속저감 패키지(방지턱+노면표시) + 버스정류장 연계 보행안전시설 + 어린이보호구역 보강 + 지능형 CCTV,고위험
다사729513,119.0,9,0,1,0.0,0.0,5657.18,10920.86,0.3152,326.04,1001.2591,1327.2991,0.4472,27.52,41.5179,2,child_zone_cnt(없음) | speedbump_cnt(없음),업무시설,1.3152,1.3333,0.4587,1.4152,1.5,1.0,203.19,통행피크위험,664,0.110013,132.09,293,child_zone_cnt / speedbump_cnt,과속저감 패키지(방지턱+노면표시) + 어린이보호구역 보강,고위험
다사727512,117.0,7,0,1,6.0,0.04,2790.04,4526.34,0.3189,116.2007,442.3181,558.5188,0.3081,24.67,51.2222,2,child_zone_cnt(없음) | speedbump_cnt(없음),근린공원,1.3589,1.3333,0.4112,1.5122,1.5,1.0,197.72,통행피크위험,703,0.102053,128.94,303,child_zone_cnt / speedbump_cnt,과속저감 패키지(방지턱+노면표시) + 어린이보호구역 보강,고위험
다사739489,93.0,5,0,1,126.0,0.439,795.88,6284.54,0.4168,157.7386,476.8897,634.6283,0.55,23.06,81.4937,2,child_zone_cnt(없음) | speedbump_cnt(없음),미분류,1.8558,1.3333,0.3843,1.8149,1.5,1.025,246.76,노인밀집거주 | 교통약자유동多 | 통행피크위험,500,0.318934,122.66,322,child_zone_cnt / speedbump_cnt,과속저감 패키지(방지턱+노면표시) + 어린이보호구역 보강,고위험
다사728516,109.0,7,0,1,0.0,0,1798.83,4184.64,0.3169,123.6947,433.1105,556.8052,0.428,26.24,46.0098,5,crosswalk_cnt(없음) | child_zone_cnt(없음) | speedbump_cnt(없음) | cctv_cnt(없음) | cctv_cam_cnt(없음),광장,1.3169,1.8333,0.4373,1.4601,1.5,1.0,252.04,통행피크위험,482,0.093354,119.18,331,crosswalk_cnt / child_zone_cnt / speedbump_cnt / cctv_cnt / cctv_cam_cnt,과속저감 패키지(방지턱+노면표시) + 스마트 횡단보도 + 어린이보호구역 보강 + 지능형 CCTV,고위험
다사728505,102.0,6,0,1,35.0,0.1178,2491.3,5663.98,0.3156,190.3372,326.8303,517.1675,0.6007,29.83,37.8875,5,child_zone_cnt(없음) | speedbump_cnt(없음) | cctv_cnt(없음) | cctv_cam_cnt(없음) | bus_stop_cnt(없음),완충녹지,1.4334,1.8333,0.4972,1.3789,1.5,1.0503,289.51,주말방문집중 | 통행피크위험,394,0.148875,117.19,339,child_zone_cnt / speedbump_cnt / cctv_cnt / cctv_cam_cnt / bus_stop_cnt,과속저감 패키지(방지턱+노면표시) + 버스정류장 연계 보행안전시설 + 어린이보호구역 보강 + 지능형 CCTV,고위험
다사735490,85.0,3,0,1,30.0,0.4839,1247.71,9590.68,0.3949,230.5158,735.4517,965.9675,0.5744,23.1,77.9006,4,child_zone_cnt(없음) | speedbump_cnt(없음) | cctv_cnt(없음) | cctv_cam_cnt(없음),미분류,1.8788,1.6667,0.385,1.779,1.5,1.0372,283.63,노인밀집거주 | 교통약자유동多 | 주말방문집중 | 통행피크위험,407,0.355461,115.21,347,child_zone_cnt / speedbump_cnt / cctv_cnt / cctv_cam_cnt,과속저감 패키지(방지턱+노면표시) + 어린이보호구역 보강 + 지능형 CCTV,고위험
다사726519,99.0,5,0,1,119.0,0.0807,3165.34,5972.3,0.3104,188.7433,750.7436,939.4869,0.3184,20.73,77.8967,3,child_zone_cnt(없음) | speedbump_cnt(없음) | bus_stop_cnt(없음),중심상업,1.3911,1.5,0.3455,1.779,1.5,1.0,190.46,통행피크위험,751,0.153334,114.18,350,child_zone_cnt / speedbump_cnt / bus_stop_cnt,과속저감 패키지(방지턱+노면표시) + 버스정류장 연계 보행안전시설 + 어린이보호구역 보강,고위험
다사721500,99.0,6,0,1,0.0,0.0,5842.68,20683.61,0.3054,382.3737,774.246,1156.6197,0.5981,33.81,82.5901,3,crosswalk_cnt(없음) | child_zone_cnt(없음) | speedbump_cnt(없음),교통광장,1.3054,1.5,0.5635,1.8259,1.5,1.0491,313.87,주말방문집중 | 통행피크위험,346,0.142789,113.14,355,crosswalk_cnt / child_zone_cnt / speedbump_cnt,과속저감 패키지(방지턱+노면표시) + 스마트 횡단보도 + 어린이보호구역 보강,고위험
다사727497,101.0,5,0,1,0.0,0,190.46,1145.62,0.3214,36.2878,73.0909,109.3787,0.5644,32.55,98.8976,4,child_zone_cnt(없음) | speedbump_cnt(없음) | cctv_cnt(없음) | cctv_cam_cnt(없음),연결녹지,1.3214,1.6667,0.5425,1.989,1.0,1.0322,247.75,주말방문집중,495,0.118212,112.94,356,child_zone_cnt / speedbump_cnt / cctv_cnt / cctv_cam_cnt,과속저감 패키지(방지턱+노면표시) + 어린이보호구역 보강 + 지능형 CCTV,고위험
다사744489,85.0,3,0,1,44.0,0.4037,897.12,5088.9,0.3832,150.8278,501.038,651.8658,0.3484,25.23,96.6974,5,crosswalk_cnt(없음) | child_zone_cnt(없음) | cctv_cnt(없음) | cctv_cam_cnt(없음) | bus_stop_cnt(없음),미분류,1.7869,1.8333,0.4205,1.967,1.5,1.0,345.47,노인밀집거주 | 교통약자유동多 | 통행피크위험,300,0.316343,111.89,362,crosswalk_cnt / child_zone_cnt / cctv_cnt / cctv_cam_cnt / bus_stop_cnt,버스정류장 연계 보행안전시설 + 스마트 횡단보도 + 어린이보호구역 보강 + 지능형 CCTV,고위험
다사731522,102.0,7,0,1,0.0,0,1246.53,3237.77,0.3441,81.3597,191.1708,272.5305,0.622,27.52,30.9763,3,child_zone_cnt(없음) | speedbump_cnt(없음) | bus_stop_cnt(없음),도로,1.3441,1.5,0.4587,1.3098,1.1584,1.061,151.86,교통약자유동多 | 주말방문집중 | 통행피크위험,996,0.074721,109.62,384,child_zone_cnt / speedbump_cnt / bus_stop_cnt,과속저감 패키지(방지턱+노면표시) + 버스정류장 연계 보행안전시설 + 어린이보호구역 보강,중위험
다사726515,93.0,4,0,1,98.0,0.1216,3762.3,5969.28,0.3066,197.7199,708.2146,905.9345,0.3697,21.27,67.7442,5,crosswalk_cnt(없음) | child_zone_cnt(없음) | speedbump_cnt(없음) | cctv_cam_cnt(부족) | bus_stop_cnt(없음),중심상업,1.4282,1.8333,0.3545,1.6774,1.5,1.0,217.19,통행피크위험,596,0.172107,109.01,391,crosswalk_cnt / child_zone_cnt / speedbump_cnt / cctv_cam_cnt / bus_stop_cnt,과속저감 패키지(방지턱+노면표시) + 버스정류장 연계 보행안전시설 + 스마트 횡단보도 + 어린이보호구역 보강 + 지능형 CCTV,중위험
다사733495,86.0,4,0,1,31.0,0.3735,161.07,1034.05,0.3426,33.4147,101.1744,134.5891,0.3129,23.52,52.8324,1,child_zone_cnt(없음),미분류,1.7161,1.1667,0.392,1.5283,1.0,1.0,103.16,노인밀집거주 | 교통약자유동多,1345,0.240303,106.67,410,child_zone_cnt,어린이보호구역 보강,중위험
다사738492,83.0,3,0,1,96.0,0.3569,825.72,4276.05,0.4036,78.1927,277.0602,355.2529,0.5368,14.25,90.4205,6,crosswalk_cnt(없음) | child_zone_cnt(없음) | speedbump_cnt(없음) | cctv_cnt(없음) | cctv_cam_cnt(없음) | bus_stop_cnt(없음),미분류,1.7605,2.0,0.2375,1.9042,1.2975,1.0184,174.64,노인밀집거주 | 교통약자유동多 | 통행피크위험,854,0.283132,106.5,412,crosswalk_cnt / child_zone_cnt / speedbump_cnt / cctv_cnt / cctv_cam_cnt / bus_stop_cnt,과속저감 패키지(방지턱+노면표시) + 버스정류장 연계 보행안전시설 + 스마트 횡단보도 + 어린이보호구역 보강 + 지능형 CCTV,중위험
다사742486,85.0,4,0,1,17.0,0.3269,719.88,6033.91,0.3826,144.1476,405.3021,549.4497,0.6296,25.92,49.9289,4,child_zone_cnt(없음) | speedbump_cnt(없음) | cctv_cnt(없음) | cctv_cam_cnt(없음),미분류,1.7095,1.6667,0.432,1.4993,1.5,1.0648,250.54,노인밀집거주 | 교통약자유동多 | 주말방문집중 | 통행피크위험,486,0.252106,106.43,414,child_zone_cnt / speedbump_cnt / cctv_cnt / cctv_cam_cnt,과속저감 패키지(방지턱+노면표시) + 어린이보호구역 보강 + 지능형 CCTV,중위험
다사723514,94.0,5,0,1,0.0,0,408.32,583.34,0.3443,10.1915,38.0022,48.1937,0.6286,32.15,37.7448,5,child_zone_cnt(없음) | speedbump_cnt(없음) | cctv_cnt(없음) | cctv_cam_cnt(없음) | bus_stop_cnt(없음),경관녹지,1.3443,1.8333,0.5358,1.3774,1.0,1.0643,181.96,교통약자유동多 | 주말방문집중,813,0.079976,101.52,462,child_zone_cnt / speedbump_cnt / cctv_cnt / cctv_cam_cnt / bus_stop_cnt,과속저감 패키지(방지턱+노면표시) + 버스정류장 연계 보행안전시설 + 어린이보호구역 보강 + 지능형 CCTV,중위험
다사745488,77.0,2,0,1,79.0,0.418,569.45,3575.56,0.3761,117.0416,354.5514,471.593,0.3597,25.05,80.2906,3,child_zone_cnt(없음) | speedbump_cnt(없음) | bus_stop_cnt(없음),미분류,1.7941,1.5,0.4175,1.8029,1.4932,1.0,232.9,노인밀집거주 | 교통약자유동多 | 통행피크위험,542,0.299956,100.1,483,child_zone_cnt / speedbump_cnt / bus_stop_cnt,과속저감 패키지(방지턱+노면표시) + 버스정류장 연계 보행안전시설 + 어린이보호구역 보강,중위험
다사749493,77.0,2,0,1,95.0,0.4378,268.25,1250.04,0.3841,24.9806,76.2334,101.214,0.6199,24.01,46.0973,5,child_zone_cnt(없음) | speedbump_cnt(없음) | cctv_cnt(없음) | cctv_cam_cnt(없음) | bus_stop_cnt(없음),미분류,1.8219,1.8333,0.4002,1.461,1.0,1.0599,159.38,노인밀집거주 | 교통약자유동多 | 주말방문집중,941,0.286926,99.09,494,child_zone_cnt / speedbump_cnt / cctv_cnt / cctv_cam_cnt / bus_stop_cnt,과속저감 패키지(방지턱+노면표시) + 버스정류장 연계 보행안전시설 + 어린이보호구역 보강 + 지능형 CCTV,중위험
다사720504,85.0,3,0,1,0.0,0,7371.25,21887.82,0.3067,814.6004,1441.7773,2256.3777,0.5338,23.95,56.2525,4,child_zone_cnt(없음) | speedbump_cnt(없음) | cctv_cnt(없음) | cctv_cam_cnt(없음),자족기능확보시설,1.3067,1.6667,0.3992,1.5625,1.5,1.0169,176.13,통행피크위험,840,0.159217,98.53,502,child_zone_cnt / speedbump_cnt / cctv_cnt / cctv_cam_cnt,과속저감 패키지(방지턱+노면표시) + 어린이보호구역 보강 + 지능형 CCTV,중위험
다사733493,77.0,2,0,1,80.0,0.4082,327.42,2266.94,0.3836,71.7381,235.7734,307.5115,0.3471,17.53,79.2707,1,child_zone_cnt(없음),미분류,1.7918,1.1667,0.2922,1.7927,1.2172,1.0,102.63,노인밀집거주 | 교통약자유동多 | 통행피크위험,1351,0.278641,98.46,504,child_zone_cnt,어린이보호구역 보강,중위험
다사727510,85.0,3,0,1,53.0,0.1514,1538.44,2509.59,0.3243,50.6902,192.5822,243.2724,0.211,28.37,65.1861,4,child_zone_cnt(없음) | speedbump_cnt(없음) | cctv_cam_cnt(부족) | bus_stop_cnt(없음),단독주택,1.4757,1.6667,0.4728,1.6519,1.1092,1.0,181.11,통행피크위험 | 주거밀집,818,0.156978,98.34,507,child_zone_cnt / speedbump_cnt / cctv_cam_cnt / bus_stop_cnt,과속저감 패키지(방지턱+노면표시) + 버스정류장 연계 보행안전시설 + 어린이보호구역 보강 + 지능형 CCTV,중위험
다사730521,91.0,4,0,1,0.0,0,808.83,2129.09,0.3406,45.3899,151.5509,196.9408,0.4586,30.09,24.7177,6,crosswalk_cnt(없음) | child_zone_cnt(없음) | speedbump_cnt(없음) | cctv_cnt(없음) | cctv_cam_cnt(없음) | bus_stop_cnt(없음),도로,1.3406,2.0,0.5015,1.2472,1.0313,1.0,157.38,통행피크위험,956,0.072676,97.61,520,crosswalk_cnt / child_zone_cnt / speedbump_cnt / cctv_cnt / cctv_cam_cnt / bus_stop_cnt,과속저감 패키지(방지턱+노면표시) + 버스정류장 연계 보행안전시설 + 스마트 횡단보도 + 어린이보호구역 보강 + 지능형 CCTV,중위험
다사726518,85.0,3,0,1,14.0,0.0368,3613.82,6736.89,0.2995,251.5862,969.7002,1221.2864,0.274,22.8,75.185,5,child_zone_cnt(없음) | speedbump_cnt(없음) | cctv_cnt(없음) | cctv_cam_cnt(없음) | bus_stop_cnt(없음),중심상업,1.3363,1.8333,0.38,1.7519,1.5,1.0,207.94,통행피크위험,637,0.146406,97.44,524,child_zone_cnt / speedbump_cnt / cctv_cnt / cctv_cam_cnt / bus_stop_cnt,과속저감 패키지(방지턱+노면표시) + 버스정류장 연계 보행안전시설 + 어린이보호구역 보강 + 지능형 CCTV,중위험
다사745499,85.0,3,0,1,12.0,0.169,712.29,2601.03,0.3518,43.9133,145.6247,189.538,0.5099,32.75,25.6793,3,child_zone_cnt(없음) | speedbump_cnt(없음) | bus_stop_cnt(없음),미분류,1.5208,1.5,0.5458,1.2568,1.0188,1.005,136.19,교통약자유동多 | 통행피크위험,1101,0.146219,97.43,525,child_zone_cnt / speedbump_cnt / bus_stop_cnt,과속저감 패키지(방지턱+노면표시) + 버스정류장 연계 보행안전시설 + 어린이보호구역 보강,중위험
다사726483,86.0,4,0,1,0.0,0,17.98,169.58,0.2849,1.3435,8.081,9.4245,0.63,70.37,80.0745,6,crosswalk_cnt(없음) | child_zone_cnt(없음) | speedbump_cnt(없음) | cctv_cnt(없음) | cctv_cam_cnt(없음) | bus_stop_cnt(없음),미분류,1.2849,2.0,1.1728,1.8007,1.0,1.065,497.06,주말방문집중 | 고속도로위험,125,0.130357,97.21,527,crosswalk_cnt / child_zone_cnt / speedbump_cnt / cctv_cnt / cctv_cam_cnt / bus_stop_cnt,과속저감 패키지(방지턱+노면표시) + 버스정류장 연계 보행안전시설 + 스마트 횡단보도 + 어린이보호구역 보강 + 지능형 CCTV,중위험
다사727530,83.0,3,0,1,7.0,0.0921,8537.68,12696.05,0.3306,384.6259,1083.1364,1467.7623,0.3985,27.14,43.2349,4,child_zone_cnt(없음) | speedbump_cnt(없음) | cctv_cam_cnt(부족) | bus_stop_cnt(없음),단독주택,1.4227,1.6667,0.4523,1.4323,1.5,1.0,191.25,통행피크위험 | 주거밀집,740,0.163211,96.55,538,child_zone_cnt / speedbump_cnt / cctv_cam_cnt / bus_stop_cnt,과속저감 패키지(방지턱+노면표시) + 버스정류장 연계 보행안전시설 + 어린이보호구역 보강 + 지능형 CCTV,중위험
다사735483,77.0,2,0,1,107.0,0.3175,494.62,4156.89,0.3456,66.4894,246.034,312.5234,0.4076,15.57,92.6785,3,crosswalk_cnt(없음) | child_zone_cnt(없음) | bus_stop_cnt(없음),미분류,1.6631,1.5,0.2595,1.9268,1.2257,1.0,117.72,노인밀집거주 | 교통약자유동多 | 통행피크위험,1245,0.251885,96.4,540,crosswalk_cnt / child_zone_cnt / bus_stop_cnt,버스정류장 연계 보행안전시설 + 스마트 횡단보도 + 어린이보호구역 보강,중위험
다사740489,75.0,2,0,1,104.0,0.381,564.03,3433.63,0.4063,106.4053,314.6372,421.0425,0.4674,23.06,81.4937,3,crosswalk_cnt(없음) | child_zone_cnt(없음) | bus_stop_cnt(없음),미분류,1.7873,1.5,0.3843,1.8149,1.4082,1.0,197.49,노인밀집거주 | 교통약자유동多 | 통행피크위험,705,0.284533,96.34,541,crosswalk_cnt / child_zone_cnt / bus_stop_cnt,버스정류장 연계 보행안전시설 + 스마트 횡단보도 + 어린이보호구역 보강,중위험
다사728472,85.0,3,0,1,0.0,0,306.4,2717.49,0.2824,7.0461,72.7633,79.8094,0.3919,63.99,86.4306,6,crosswalk_cnt(없음) | child_zone_cnt(없음) | speedbump_cnt(없음) | cctv_cnt(없음) | cctv_cam_cnt(없음) | bus_stop_cnt(없음),미분류,1.2824,2.0,1.0665,1.8643,1.0,1.0,433.46,고속도로위험,163,0.125849,95.7,548,crosswalk_cnt / child_zone_cnt / speedbump_cnt / cctv_cnt / cctv_cam_cnt / bus_stop_cnt,과속저감 패키지(방지턱+노면표시) + 버스정류장 연계 보행안전시설 + 스마트 횡단보도 + 어린이보호구역 보강 + 지능형 CCTV,중위험
다사728497,85.0,3,0,1,0.0,0,1562.2,8726.58,0.2997,373.1956,514.6662,887.8618,0.67,29.94,69.8662,3,child_zone_cnt(없음) | speedbump_cnt(없음) | bus_stop_cnt(없음),주유소용지,1.2997,1.5,0.499,1.6987,1.5,1.085,228.61,주말방문집중 | 통행피크위험,551,0.124898,95.62,550,child_zone_cnt / speedbump_cnt / bus_stop_cnt,과속저감 패키지(방지턱+노면표시) + 버스정류장 연계 보행안전시설 + 어린이보호구역 보강,중위험
다사722500,85.0,3,0,1,0.0,0,1736.15,5516.3,0.3299,101.1018,242.9782,344.08,0.4265,24.83,99.3106,3,crosswalk_cnt(없음) | child_zone_cnt(없음) | bus_stop_cnt(없음),교통광장,1.3299,1.5,0.4138,1.9931,1.2788,1.0,178.83,통행피크위험,827,0.11522,94.79,571,crosswalk_cnt / child_zone_cnt / bus_stop_cnt,버스정류장 연계 보행안전시설 + 스마트 횡단보도 + 어린이보호구역 보강,중위험
다사728517,87.0,5,0,1,0.0,0,1283.02,2665.8,0.3111,78.4112,257.4213,335.8325,0.4849,25.1,53.8469,2,child_zone_cnt(없음) | speedbump_cnt(없음),도로,1.3111,1.3333,0.4183,1.5385,1.2649,1.0,123.8,통행피크위험,1203,0.083238,94.24,581,child_zone_cnt / speedbump_cnt,과속저감 패키지(방지턱+노면표시) + 어린이보호구역 보강,중위험
다사733497,85.0,3,0,1,0.0,0,539.29,1087.54,0.3402,18.8167,64.2919,83.1086,0.5218,31.74,75.6181,4,child_zone_cnt(없음) | cctv_cnt(없음) | cctv_cam_cnt(없음) | bus_stop_cnt(없음),미분류,1.3402,1.6667,0.529,1.7562,1.0,1.0109,178.31,일반,833,0.100028,93.5,590,child_zone_cnt / cctv_cnt / cctv_cam_cnt / bus_stop_cnt,버스정류장 연계 보행안전시설 + 어린이보호구역 보강 + 지능형 CCTV,중위험
다사737502,69.0,1,0,1,133.0,0.5991,516.8,1803.99,0.3665,24.3859,72.572,96.9579,0.486,32.67,31.2701,6,crosswalk_cnt(없음) | child_zone_cnt(없음) | speedbump_cnt(없음) | cctv_cnt(없음) | cctv_cam_cnt(없음) | bus_stop_cnt(없음),미분류,1.9656,2.0,0.5445,1.3127,1.0,1.0,193.88,노인밀집거주 | 교통약자유동多,723,0.354991,93.49,591,crosswalk_cnt / child_zone_cnt / speedbump_cnt / cctv_cnt / cctv_cam_cnt / bus_stop_cnt,과속저감 패키지(방지턱+노면표시) + 버스정류장 연계 보행안전시설 + 스마트 횡단보도 + 어린이보호구역 보강 + 지능형 CCTV,중위험
다사728504,85.0,4,0,1,0.0,0,2852.61,7218.89,0.3173,206.8092,390.313,597.1222,0.6031,34.98,26.8359,4,child_zone_cnt(없음) | speedbump_cnt(없음) | cctv_cnt(없음) | cctv_cam_cnt(없음),자족기능확보시설,1.3173,1.6667,0.583,1.2684,1.5,1.0515,217.66,주말방문집중 | 통행피크위험,593,0.089448,92.6,604,child_zone_cnt / speedbump_cnt / cctv_cnt / cctv_cam_cnt,과속저감 패키지(방지턱+노면표시) + 어린이보호구역 보강 + 지능형 CCTV,중위험
다사725521,69.0,1,0,1,399.0,0.6584,331.06,757.6,0.3277,19.5713,81.9873,101.5586,0.2791,,,6,crosswalk_cnt(없음) | child_zone_cnt(없음) | speedbump_cnt(없음) | cctv_cnt(없음) | cctv_cam_cnt(없음) | bus_stop_cnt(없음),아파트,1.9861,2.0,1.0,1.0,1.0,1.0,274.08,노인밀집거주 | 주거밀집,428,0.340532,92.5,605,crosswalk_cnt / child_zone_cnt / speedbump_cnt / cctv_cnt / cctv_cam_cnt / bus_stop_cnt,과속저감 패키지(방지턱+노면표시) + 버스정류장 연계 보행안전시설 + 스마트 횡단보도 + 어린이보호구역 보강 + 지능형 CCTV,중위험
다사728534,86.0,4,0,1,0.0,0,203.82,756.36,0.3283,10.8259,45.1986,56.0245,0.6808,57.62,0.3144,6,crosswalk_cnt(없음) | child_zone_cnt(없음) | speedbump_cnt(없음) | cctv_cnt(없음) | cctv_cam_cnt(없음) | bus_stop_cnt(없음),공원기타,1.3283,2.0,0.9603,1.0031,1.0,1.0904,239.97,주말방문집중,520,0.0735,92.32,609,crosswalk_cnt / child_zone_cnt / speedbump_cnt / cctv_cnt / cctv_cam_cnt / bus_stop_cnt,과속저감 패키지(방지턱+노면표시) + 버스정류장 연계 보행안전시설 + 스마트 횡단보도 + 어린이보호구역 보강 + 지능형 CCTV,중위험
다사723501,85.0,3,0,1,0.0,0,642.3,2319.93,0.2899,51.7906,124.9331,176.7237,0.5043,34.9,40.3593,6,crosswalk_cnt(없음) | child_zone_cnt(없음) | speedbump_cnt(없음) | cctv_cnt(없음) | cctv_cam_cnt(없음) | bus_stop_cnt(없음),업무시설,1.2899,2.0,0.5817,1.4036,1.0,1.0021,179.41,일반,824,0.085998,92.31,610,crosswalk_cnt / child_zone_cnt / speedbump_cnt / cctv_cnt / cctv_cam_cnt / bus_stop_cnt,과속저감 패키지(방지턱+노면표시) + 버스정류장 연계 보행안전시설 + 스마트 횡단보도 + 어린이보호구역 보강 + 지능형 CCTV,중위험
다사729512,78.0,3,0,1,52.0,0.2374,637.26,1165.5,0.3187,33.8732,113.7822,147.6554,0.3862,33.27,23.1488,6,crosswalk_cnt(없음) | child_zone_cnt(없음) | speedbump_cnt(없음) | cctv_cnt(없음) | cctv_cam_cnt(없음) | bus_stop_cnt(없음),완충녹지,1.5561,2.0,0.5545,1.2315,1.0,1.0,165.77,노인밀집거주,904,0.179499,92.0,618,crosswalk_cnt / child_zone_cnt / speedbump_cnt / cctv_cnt / cctv_cam_cnt / bus_stop_cnt,과속저감 패키지(방지턱+노면표시) + 버스정류장 연계 보행안전시설 + 스마트 횡단보도 + 어린이보호구역 보강 + 지능형 CCTV,중위험
다사725524,77.0,2,0,1,45.0,0.1974,1369.3,2362.04,0.3615,38.0147,176.2536,214.2683,0.1616,11.35,89.0912,5,child_zone_cnt(없음) | speedbump_cnt(없음) | cctv_cnt(없음) | cctv_cam_cnt(없음) | bus_stop_cnt(없음),완충녹지,1.5589,1.8333,0.1892,1.8909,1.0604,1.0,83.48,교통약자유동多 | 통행피크위험,1443,0.185852,91.31,637,child_zone_cnt / speedbump_cnt / cctv_cnt / cctv_cam_cnt / bus_stop_cnt,과속저감 패키지(방지턱+노면표시) + 버스정류장 연계 보행안전시설 + 어린이보호구역 보강 + 지능형 CCTV,중위험
다사732522,85.0,3,0,1,0.0,0,590.38,1719.33,0.355,27.2055,92.5441,119.7496,0.6986,43.65,10.3196,3,child_zone_cnt(없음) | speedbump_cnt(없음) | bus_stop_cnt(없음),도로,1.355,1.5,0.7275,1.1032,1.0,1.0993,152.42,교통약자유동多 | 주말방문집중,989,0.066936,90.69,657,child_zone_cnt / speedbump_cnt / bus_stop_cnt,과속저감 패키지(방지턱+노면표시) + 버스정류장 연계 보행안전시설 + 어린이보호구역 보강,중위험
다사740485,69.0,1,0,1,57.0,0.4831,240.2,2044.03,0.3353,30.185,100.9781,131.1631,0.6408,36.23,9.9926,4,crosswalk_cnt(없음) | child_zone_cnt(없음) | speedbump_cnt(없음) | bus_stop_cnt(없음),미분류,1.8184,1.6667,0.6038,1.0999,1.0,1.0704,148.66,노인밀집거주 | 주말방문집중,1015,0.288659,88.92,690,crosswalk_cnt / child_zone_cnt / speedbump_cnt / bus_stop_cnt,과속저감 패키지(방지턱+노면표시) + 버스정류장 연계 보행안전시설 + 스마트 횡단보도 + 어린이보호구역 보강,중위험
다사735491,69.0,1,0,1,94.0,0.4312,298.32,2223.08,0.3967,57.1862,192.7097,249.8959,0.4483,23.25,67.0276,2,child_zone_cnt(없음) | bus_stop_cnt(없음),미분류,1.8279,1.3333,0.3875,1.6703,1.1203,1.0,121.94,노인밀집거주 | 교통약자유동多 | 통행피크위험,1218,0.288586,88.91,692,child_zone_cnt / bus_stop_cnt,버스정류장 연계 보행안전시설 + 어린이보호구역 보강,중위험
다사751491,69.0,1,0,1,95.0,0.413,153.11,785.59,0.3785,16.2414,68.593,84.8344,0.2062,13.51,90.6122,5,child_zone_cnt(없음) | speedbump_cnt(없음) | cctv_cnt(없음) | cctv_cam_cnt(없음) | bus_stop_cnt(없음),미분류,1.7915,1.8333,0.2252,1.9061,1.0,1.0,97.28,노인밀집거주 | 교통약자유동多,1386,0.285494,88.7,695,child_zone_cnt / speedbump_cnt / cctv_cnt / cctv_cam_cnt / bus_stop_cnt,과속저감 패키지(방지턱+노면표시) + 버스정류장 연계 보행안전시설 + 어린이보호구역 보강 + 지능형 CCTV,중위험
다사743490,78.0,4,0,1,0.0,0,1684.19,7282.82,0.4025,143.7835,494.0737,637.8572,0.4823,37.99,99.91,3,child_zone_cnt(없음) | cctv_cnt(없음) | cctv_cam_cnt(없음),미분류,1.4025,1.5,0.6332,1.9991,1.5,1.0,311.57,교통약자유동多 | 통행피크위험,349,0.135903,88.6,697,child_zone_cnt / cctv_cnt / cctv_cam_cnt,어린이보호구역 보강 + 지능형 CCTV,중위험
다사726516,77.0,2,0,1,56.0,0.0562,4214.29,6548.78,0.294,258.0958,989.765,1247.8608,0.2524,20.5,67.3305,5,child_zone_cnt(없음) | speedbump_cnt(없음) | cctv_cnt(없음) | cctv_cam_cnt(없음) | bus_stop_cnt(없음),도로,1.3502,1.8333,0.3417,1.6733,1.5,1.0,163.47,통행피크위험,914,0.149052,88.48,700,child_zone_cnt / speedbump_cnt / cctv_cnt / cctv_cam_cnt / bus_stop_cnt,과속저감 패키지(방지턱+노면표시) + 버스정류장 연계 보행안전시설 + 어린이보호구역 보강 + 지능형 CCTV,중위험
다사733491,69.0,1,0,1,48.0,0.3871,104.14,712.58,0.3762,22.9797,86.875,109.8547,0.3397,21.05,84.3959,3,child_zone_cnt(없음) | cctv_cam_cnt(부족) | bus_stop_cnt(없음),미분류,1.7633,1.5,0.3508,1.844,1.0,1.0,118.06,노인밀집거주 | 교통약자유동多,1242,0.272753,87.82,718,child_zone_cnt / cctv_cam_cnt / bus_stop_cnt,버스정류장 연계 보행안전시설 + 어린이보호구역 보강 + 지능형 CCTV,중위험
다사721502,77.0,2,0,1,0.0,0,5849.24,21204.15,0.2989,592.6123,1109.7876,1702.3999,0.5178,23.7,55.6187,4,crosswalk_cnt(없음) | child_zone_cnt(없음) | speedbump_cnt(없음) | bus_stop_cnt(없음),자족기능확보시설,1.2989,1.6667,0.395,1.5562,1.5,1.0089,155.07,통행피크위험,973,0.138533,87.67,720,crosswalk_cnt / child_zone_cnt / speedbump_cnt / bus_stop_cnt,과속저감 패키지(방지턱+노면표시) + 버스정류장 연계 보행안전시설 + 스마트 횡단보도 + 어린이보호구역 보강,중위험
다사735486,69.0,1,0,1,136.0,0.4172,136.85,885.06,0.3343,21.653,93.4845,115.1375,0.1993,24.62,64.9222,2,child_zone_cnt(없음) | bus_stop_cnt(없음),미분류,1.7515,1.3333,0.4103,1.6492,1.0,1.0,109.03,노인밀집거주,1311,0.267827,87.48,722,child_zone_cnt / bus_stop_cnt,버스정류장 연계 보행안전시설 + 어린이보호구역 보강,중위험
다사742491,77.0,2,0,1,0.0,0,1804.37,6261.96,0.409,142.1398,504.2678,646.4076,0.5743,36.67,99.93,2,child_zone_cnt(없음) | bus_stop_cnt(없음),미분류,1.409,1.3333,0.6112,1.9993,1.5,1.0372,275.01,교통약자유동多 | 주말방문집중 | 통행피크위험,425,0.135635,87.44,723,child_zone_cnt / bus_stop_cnt,버스정류장 연계 보행안전시설 + 어린이보호구역 보강,중위험
다사754489,69.0,1,0,1,155.0,0.4212,424.58,2145.82,0.4251,32.4373,124.6064,157.0437,0.3383,25.45,31.1882,6,crosswalk_cnt(없음) | child_zone_cnt(없음) | speedbump_cnt(없음) | cctv_cnt(없음) | cctv_cam_cnt(없음) | bus_stop_cnt(없음),미분류,1.8463,2.0,0.4242,1.3119,1.0,1.0,141.79,노인밀집거주 | 교통약자유동多,1054,0.266214,87.37,727,crosswalk_cnt / child_zone_cnt / speedbump_cnt / cctv_cnt / cctv_cam_cnt / bus_stop_cnt,과속저감 패키지(방지턱+노면표시) + 버스정류장 연계 보행안전시설 + 스마트 횡단보도 + 어린이보호구역 보강 + 지능형 CCTV,중위험
다사745480,77.0,2,0,1,0.0,0,25.24,261.55,0.3325,2.6716,7.0543,9.7259,0.8055,83.54,49.9838,6,crosswalk_cnt(없음) | child_zone_cnt(없음) | speedbump_cnt(없음) | cctv_cnt(없음) | cctv_cam_cnt(없음) | bus_stop_cnt(없음),미분류,1.3325,2.0,1.3923,1.4998,1.0,1.1527,493.94,주말방문집중 | 고속도로위험,127,0.123641,86.52,759,crosswalk_cnt / child_zone_cnt / speedbump_cnt / cctv_cnt / cctv_cam_cnt / bus_stop_cnt,과속저감 패키지(방지턱+노면표시) + 버스정류장 연계 보행안전시설 + 스마트 횡단보도 + 어린이보호구역 보강 + 지능형 CCTV,중위험
다사740492,70.0,2,0,1,37.0,0.2114,2847.36,12794.06,0.4075,156.7727,633.9066,790.6793,0.5253,27.58,99.9825,3,child_zone_cnt(없음) | speedbump_cnt(없음) | bus_stop_cnt(없음),미분류,1.6189,1.5,0.4597,1.9998,1.5,1.0127,237.38,노인밀집거주 | 교통약자유동多 | 통행피크위험,530,0.23544,86.48,762,child_zone_cnt / speedbump_cnt / bus_stop_cnt,과속저감 패키지(방지턱+노면표시) + 버스정류장 연계 보행안전시설 + 어린이보호구역 보강,중위험
다사721503,77.0,2,0,1,0.0,0,4512.32,13961.45,0.2945,497.521,940.6113,1438.1323,0.4604,33.68,26.7599,5,crosswalk_cnt(없음) | child_zone_cnt(없음) | speedbump_cnt(없음) | cctv_cam_cnt(부족) | bus_stop_cnt(없음),교통광장,1.2945,1.8333,0.5613,1.2676,1.5,1.0,195.03,통행피크위험,718,0.116307,85.96,774,crosswalk_cnt / child_zone_cnt / speedbump_cnt / cctv_cam_cnt / bus_stop_cnt,과속저감 패키지(방지턱+노면표시) + 버스정류장 연계 보행안전시설 + 스마트 횡단보도 + 어린이보호구역 보강 + 지능형 CCTV,중위험
다사728481,77.0,2,0,1,0.0,0,25.31,235.47,0.2763,0.9889,9.3261,10.315,0.6797,69.95,51.535,6,crosswalk_cnt(없음) | child_zone_cnt(없음) | speedbump_cnt(없음) | cctv_cnt(없음) | cctv_cam_cnt(없음) | bus_stop_cnt(없음),미분류,1.2763,2.0,1.1658,1.5153,1.0,1.0898,378.39,주말방문집중 | 고속도로위험,249,0.112464,85.66,787,crosswalk_cnt / child_zone_cnt / speedbump_cnt / cctv_cnt / cctv_cam_cnt / bus_stop_cnt,과속저감 패키지(방지턱+노면표시) + 버스정류장 연계 보행안전시설 + 스마트 횡단보도 + 어린이보호구역 보강 + 지능형 CCTV,중위험
다사721521,77.0,2,0,1,0.0,0,4478.0,8049.25,0.3548,148.6344,553.3385,701.9729,0.5089,24.49,57.2073,5,child_zone_cnt(없음) | speedbump_cnt(없음) | cctv_cnt(없음) | cctv_cam_cnt(없음) | bus_stop_cnt(없음),근린상업,1.3548,1.8333,0.4082,1.5721,1.5,1.0045,184.92,교통약자유동多 | 통행피크위험 | 상업지역,787,0.108122,85.33,797,child_zone_cnt / speedbump_cnt / cctv_cnt / cctv_cam_cnt / bus_stop_cnt,과속저감 패키지(방지턱+노면표시) + 버스정류장 연계 보행안전시설 + 어린이보호구역 보강 + 지능형 CCTV,중위험
다사741499,69.0,1,0,1,128.0,0.4038,143.1,407.04,0.352,9.4395,38.5484,47.9879,0.1388,27.05,23.2034,4,child_zone_cnt(없음) | speedbump_cnt(없음) | cctv_cam_cnt(부족) | bus_stop_cnt(없음),미분류,1.7558,1.6667,0.4508,1.232,1.0,1.0,112.14,노인밀집거주 | 교통약자유동多,1290,0.236587,85.32,798,child_zone_cnt / speedbump_cnt / cctv_cam_cnt / bus_stop_cnt,과속저감 패키지(방지턱+노면표시) + 버스정류장 연계 보행안전시설 + 어린이보호구역 보강 + 지능형 CCTV,중위험
다사742495,69.0,1,0,1,28.0,0.3333,708.84,2143.02,0.3732,39.0289,144.3278,183.3567,0.6377,36.95,17.1088,6,crosswalk_cnt(없음) | child_zone_cnt(없음) | speedbump_cnt(없음) | cctv_cnt(없음) | cctv_cam_cnt(없음) | bus_stop_cnt(없음),미분류,1.7065,2.0,0.6158,1.1711,1.0084,1.0689,183.06,노인밀집거주 | 교통약자유동多 | 주말방문집중 | 통행피크위험,801,0.232167,85.02,819,crosswalk_cnt / child_zone_cnt / speedbump_cnt / cctv_cnt / cctv_cam_cnt / bus_stop_cnt,과속저감 패키지(방지턱+노면표시) + 버스정류장 연계 보행안전시설 + 스마트 횡단보도 + 어린이보호구역 보강 + 지능형 CCTV,중위험
다사732497,77.0,2,0,1,0.0,0,267.91,1158.07,0.3539,29.6338,95.0603,124.6941,0.3386,31.76,85.7197,4,crosswalk_cnt(없음) | child_zone_cnt(없음) | speedbump_cnt(없음) | bus_stop_cnt(없음),미분류,1.3539,1.6667,0.5293,1.8572,1.0,1.0,170.8,교통약자유동多,871,0.102525,84.89,824,crosswalk_cnt / child_zone_cnt / speedbump_cnt / bus_stop_cnt,과속저감 패키지(방지턱+노면표시) + 버스정류장 연계 보행안전시설 + 스마트 횡단보도 + 어린이보호구역 보강,중위험
다사727501,77.0,2,0,1,0.0,0,912.04,4363.72,0.2941,133.3785,295.4804,428.8589,0.5452,20.32,69.6198,3,child_zone_cnt(없음) | speedbump_cnt(없음) | bus_stop_cnt(없음),자족기능확보시설,1.2941,1.5,0.3387,1.6962,1.4214,1.0226,124.81,통행피크위험,1195,0.099162,84.64,833,child_zone_cnt / speedbump_cnt / bus_stop_cnt,과속저감 패키지(방지턱+노면표시) + 버스정류장 연계 보행안전시설 + 어린이보호구역 보강,중위험
다사757484,69.0,1,0,1,48.0,0.3137,616.85,3781.37,0.379,51.9016,173.4325,225.3341,0.384,27.3,31.9916,6,crosswalk_cnt(없음) | child_zone_cnt(없음) | speedbump_cnt(없음) | cctv_cnt(없음) | cctv_cam_cnt(없음) | bus_stop_cnt(없음),미분류,1.6927,2.0,0.455,1.3199,1.079,1.0,151.37,노인밀집거주 | 교통약자유동多 | 통행피크위험,997,0.22107,84.25,849,crosswalk_cnt / child_zone_cnt / speedbump_cnt / cctv_cnt / cctv_cam_cnt / bus_stop_cnt,과속저감 패키지(방지턱+노면표시) + 버스정류장 연계 보행안전시설 + 스마트 횡단보도 + 어린이보호구역 보강 + 지능형 CCTV,중위험
다사735505,77.0,2,0,1,0.0,0,217.78,552.38,0.3411,9.1803,26.5458,35.7261,0.6285,20.43,60.1679,5,child_zone_cnt(없음) | speedbump_cnt(없음) | cctv_cnt(없음) | cctv_cam_cnt(없음) | bus_stop_cnt(없음),미분류,1.3411,1.8333,0.3405,1.6017,1.0,1.0642,109.88,주말방문집중,1307,0.088132,83.79,864,child_zone_cnt / speedbump_cnt / cctv_cnt / cctv_cam_cnt / bus_stop_cnt,과속저감 패키지(방지턱+노면표시) + 버스정류장 연계 보행안전시설 + 어린이보호구역 보강 + 지능형 CCTV,중위험
다사732506,69.0,1,0,1,39.0,0.3223,224.34,496.96,0.332,8.1511,25.4133,33.5644,0.3371,50.7,13.9261,5,crosswalk_cnt(없음) | child_zone_cnt(없음) | speedbump_cnt(없음) | cctv_cnt(없음) | cctv_cam_cnt(없음),도로,1.6543,1.8333,0.845,1.1393,1.0,1.0,201.46,노인밀집거주,674,0.214028,83.77,865,crosswalk_cnt / child_zone_cnt / speedbump_cnt / cctv_cnt / cctv_cam_cnt,과속저감 패키지(방지턱+노면표시) + 스마트 횡단보도 + 어린이보호구역 보강 + 지능형 CCTV,중위험
다사728526,69.0,1,0,1,48.0,0.2909,254.04,616.42,0.3425,12.1297,62.9967,75.1264,0.1293,21.1,62.7645,5,crosswalk_cnt(없음) | child_zone_cnt(없음) | speedbump_cnt(없음) | cctv_cnt(없음) | cctv_cam_cnt(없음),아파트,1.6334,1.8333,0.3517,1.6276,1.0,1.0,118.28,노인밀집거주 | 주거밀집,1238,0.210838,83.55,873,crosswalk_cnt / child_zone_cnt / speedbump_cnt / cctv_cnt / cctv_cam_cnt,과속저감 패키지(방지턱+노면표시) + 스마트 횡단보도 + 어린이보호구역 보강 + 지능형 CCTV,중위험
다사743504,77.0,2,0,1,0.0,0,1192.27,4729.64,0.3348,58.8181,203.1822,262.0003,0.5252,27.31,45.7099,4,child_zone_cnt(없음) | speedbump_cnt(없음) | cctv_cnt(없음) | cctv_cam_cnt(없음),미분류,1.3348,1.6667,0.4552,1.4571,1.1407,1.0126,131.24,통행피크위험,1144,0.083813,83.45,880,child_zone_cnt / speedbump_cnt / cctv_cnt / cctv_cam_cnt,과속저감 패키지(방지턱+노면표시) + 어린이보호구역 보강 + 지능형 CCTV,중위험
다사727535,78.0,3,0,1,0.0,0,202.13,837.82,0.3343,3.5658,51.2129,54.7787,0.3669,57.23,,6,crosswalk_cnt(없음) | child_zone_cnt(없음) | speedbump_cnt(없음) | cctv_cnt(없음) | cctv_cam_cnt(없음) | bus_stop_cnt(없음),공원기타,1.3343,2.0,0.9538,1.0,1.0,1.0,198.53,일반,696,0.062923,82.91,906,crosswalk_cnt / child_zone_cnt / speedbump_cnt / cctv_cnt / cctv_cam_cnt / bus_stop_cnt,과속저감 패키지(방지턱+노면표시) + 버스정류장 연계 보행안전시설 + 스마트 횡단보도 + 어린이보호구역 보강 + 지능형 CCTV,중위험
다사730511,77.0,3,0,1,0.0,0,229.43,384.91,0.3224,13.3467,46.1406,59.4873,0.2698,24.43,52.5455,5,child_zone_cnt(없음) | speedbump_cnt(없음) | cctv_cnt(없음) | cctv_cam_cnt(없음) | bus_stop_cnt(없음),완충녹지,1.3224,1.8333,0.4072,1.5255,1.0,1.0,115.96,일반,1259,0.07418,82.71,913,child_zone_cnt / speedbump_cnt / cctv_cnt / cctv_cam_cnt / bus_stop_cnt,과속저감 패키지(방지턱+노면표시) + 버스정류장 연계 보행안전시설 + 어린이보호구역 보강 + 지능형 CCTV,중위험
다사740506,77.0,2,0,1,0.0,0,1132.36,4125.03,0.3302,60.7964,161.4303,222.2267,0.5828,24.74,38.6484,2,child_zone_cnt(없음) | speedbump_cnt(없음),경관녹지,1.3302,1.3333,0.4123,1.3865,1.0738,1.0414,87.3,주말방문집중 | 통행피크위험,1433,0.072223,82.56,922,child_zone_cnt / speedbump_cnt,과속저감 패키지(방지턱+노면표시) + 어린이보호구역 보강,중위험
다사743506,77.0,2,0,1,0.0,0,227.76,1063.35,0.3389,10.8383,48.5758,59.4141,0.3244,60.56,0.0836,5,crosswalk_cnt(없음) | child_zone_cnt(없음) | speedbump_cnt(없음) | cctv_cam_cnt(부족) | bus_stop_cnt(없음),미분류,1.3389,1.8333,1.0093,1.0008,1.0,1.0,190.91,고속도로위험,744,0.060734,81.68,957,crosswalk_cnt / child_zone_cnt / speedbump_cnt / cctv_cam_cnt / bus_stop_cnt,과속저감 패키지(방지턱+노면표시) + 버스정류장 연계 보행안전시설 + 스마트 횡단보도 + 어린이보호구역 보강 + 지능형 CCTV,중위험
다사747502,77.0,2,0,1,0.0,0,67.48,455.88,0.378,3.3581,24.627,27.9851,0.3874,52.05,2.2134,2,child_zone_cnt(없음) | bus_stop_cnt(없음),미분류,1.378,1.3333,0.8675,1.0221,1.0,1.0,125.44,교통약자유동多,1188,0.050143,80.86,982,child_zone_cnt / bus_stop_cnt,버스정류장 연계 보행안전시설 + 어린이보호구역 보강,중위험
다사727509,69.0,1,0,1,22.0,0.1618,1282.37,1926.26,0.336,48.4588,177.2142,225.673,0.2191,21.4,67.8374,6,crosswalk_cnt(없음) | child_zone_cnt(없음) | speedbump_cnt(없음) | cctv_cnt(없음) | cctv_cam_cnt(없음) | bus_stop_cnt(없음),단독주택,1.4978,2.0,0.3567,1.6784,1.0796,1.0,133.6,통행피크위험 | 주거밀집,1120,0.165389,80.41,984,crosswalk_cnt / child_zone_cnt / speedbump_cnt / cctv_cnt / cctv_cam_cnt / bus_stop_cnt,과속저감 패키지(방지턱+노면표시) + 버스정류장 연계 보행안전시설 + 스마트 횡단보도 + 어린이보호구역 보강 + 지능형 CCTV,중위험
다사745495,69.0,1,0,1,64.0,0.191,235.82,698.22,0.3536,15.4867,71.7319,87.2186,0.2029,21.46,61.1362,4,child_zone_cnt(없음) | speedbump_cnt(없음) | cctv_cnt(없음) | cctv_cam_cnt(없음),미분류,1.5446,1.6667,0.3577,1.6114,1.0,1.0,102.39,교통약자유동多,1353,0.16348,80.28,989,child_zone_cnt / speedbump_cnt / cctv_cnt / cctv_cam_cnt,과속저감 패키지(방지턱+노면표시) + 어린이보호구역 보강 + 지능형 CCTV,중위험
다사726528,69.0,1,0,1,17.0,0.1667,161.09,343.7,0.3275,7.0405,35.627,42.6675,0.1646,18.09,78.8882,5,child_zone_cnt(없음) | speedbump_cnt(없음) | cctv_cnt(없음) | cctv_cam_cnt(없음) | bus_stop_cnt(없음),단독주택,1.4942,1.8333,0.3015,1.7889,1.0,1.0,101.94,주거밀집,1357,0.16205,80.18,993,child_zone_cnt / speedbump_cnt / cctv_cnt / cctv_cam_cnt / bus_stop_cnt,과속저감 패키지(방지턱+노면표시) + 버스정류장 연계 보행안전시설 + 어린이보호구역 보강 + 지능형 CCTV,중위험
다사726509,77.0,2,0,1,0.0,0.0,1600.88,2596.99,0.337,65.2781,196.2848,261.5629,0.4071,,,4,crosswalk_cnt(없음) | child_zone_cnt(없음) | speedbump_cnt(없음) | bus_stop_cnt(없음),근린공원,1.337,1.6667,1.0,1.0,1.14,1.0,195.61,통행피크위험,715,0.038194,79.94,1003,crosswalk_cnt / child_zone_cnt / speedbump_cnt / bus_stop_cnt,과속저감 패키지(방지턱+노면표시) + 버스정류장 연계 보행안전시설 + 스마트 횡단보도 + 어린이보호구역 보강,중위험
다사728515,69.0,1,0,1,33.0,0.0525,5284.84,13895.63,0.3345,296.4629,1164.2363,1460.6992,0.3731,26.24,46.0098,3,child_zone_cnt(없음) | speedbump_cnt(없음) | bus_stop_cnt(없음),광장,1.387,1.5,0.4373,1.4601,1.5,1.0,137.49,통행피크위험,1090,0.14221,78.81,1031,child_zone_cnt / speedbump_cnt / bus_stop_cnt,과속저감 패키지(방지턱+노면표시) + 버스정류장 연계 보행안전시설 + 어린이보호구역 보강,중위험
다사728513,69.0,1,0,1,8.0,0.0214,7558.22,12994.54,0.3109,387.5019,1209.4096,1596.9115,0.4774,27.24,43.55,3,child_zone_cnt(없음) | speedbump_cnt(없음) | bus_stop_cnt(없음),중심상업,1.3323,1.5,0.454,1.4355,1.5,1.0,134.8,통행피크위험,1115,0.134524,78.28,1044,child_zone_cnt / speedbump_cnt / bus_stop_cnt,과속저감 패키지(방지턱+노면표시) + 버스정류장 연계 보행안전시설 + 어린이보호구역 보강,중위험
다사725499,69.0,1,0,1,0.0,0,903.15,3947.62,0.2929,141.0962,253.4952,394.5914,0.581,47.84,99.4158,3,child_zone_cnt(없음) | speedbump_cnt(없음) | bus_stop_cnt(없음),연결녹지,1.2929,1.5,0.7973,1.9942,1.3637,1.0405,301.9,주말방문집중 | 통행피크위험,368,0.134289,78.27,1045,child_zone_cnt / speedbump_cnt / bus_stop_cnt,과속저감 패키지(방지턱+노면표시) + 버스정류장 연계 보행안전시설 + 어린이보호구역 보강,중위험
다사731477,69.0,1,0,1,0.0,0,78.28,727.24,0.293,4.9804,34.2419,39.2223,0.4871,69.38,97.7507,4,crosswalk_cnt(없음) | child_zone_cnt(없음) | speedbump_cnt(없음) | bus_stop_cnt(없음),미분류,1.293,1.6667,1.1563,1.9775,1.0,1.0,340.01,고속도로위험,312,0.132381,78.13,1047,crosswalk_cnt / child_zone_cnt / speedbump_cnt / bus_stop_cnt,과속저감 패키지(방지턱+노면표시) + 버스정류장 연계 보행안전시설 + 스마트 횡단보도 + 어린이보호구역 보강,중위험
다사731516,69.0,1,0,1,69.0,0.1704,743.08,1800.25,0.2871,70.9682,245.7711,316.7393,0.3364,,,6,crosswalk_cnt(없음) | child_zone_cnt(없음) | speedbump_cnt(없음) | cctv_cnt(없음) | cctv_cam_cnt(없음) | bus_stop_cnt(없음),연결녹지,1.4575,2.0,1.0,1.0,1.2328,1.0,247.96,통행피크위험,494,0.122372,77.44,1088,crosswalk_cnt / child_zone_cnt / speedbump_cnt / cctv_cnt / cctv_cam_cnt / bus_stop_cnt,과속저감 패키지(방지턱+노면표시) + 버스정류장 연계 보행안전시설 + 스마트 횡단보도 + 어린이보호구역 보강 + 지능형 CCTV,중위험
다사746489,69.0,2,0,1,6.0,0.0606,1823.79,11140.94,0.3708,269.6191,765.2922,1034.9113,0.5227,30.54,20.611,2,child_zone_cnt(없음) | speedbump_cnt(없음),미분류,1.4314,1.3333,0.509,1.2061,1.5,1.0113,122.63,교통약자유동多 | 통행피크위험,1208,0.118642,77.19,1104,child_zone_cnt / speedbump_cnt,과속저감 패키지(방지턱+노면표시) + 어린이보호구역 보강,저위험
다사729503,70.0,2,0,1,0.0,0,950.16,3468.03,0.2919,152.8477,215.7011,368.5488,0.7143,23.86,53.1698,5,child_zone_cnt(없음) | speedbump_cnt(없음) | cctv_cnt(없음) | cctv_cam_cnt(없음) | bus_stop_cnt(없음),자족기능확보시설,1.2919,1.8333,0.3977,1.5317,1.3199,1.1072,147.59,주말방문집중 | 통행피크위험,1022,0.099213,76.94,1125,child_zone_cnt / speedbump_cnt / cctv_cnt / cctv_cam_cnt / bus_stop_cnt,과속저감 패키지(방지턱+노면표시) + 버스정류장 연계 보행안전시설 + 어린이보호구역 보강 + 지능형 CCTV,저위험
다사751480,69.0,1,0,1,0.0,0,165.43,1574.44,0.3607,15.4198,46.5583,61.9781,0.3762,35.23,99.95,4,child_zone_cnt(없음) | cctv_cnt(없음) | cctv_cam_cnt(없음) | bus_stop_cnt(없음),미분류,1.3607,1.6667,0.5872,1.9995,1.0,1.0,183.73,교통약자유동多,797,0.113101,76.8,1132,child_zone_cnt / cctv_cnt / cctv_cam_cnt / bus_stop_cnt,버스정류장 연계 보행안전시설 + 어린이보호구역 보강 + 지능형 CCTV,저위험
다사722521,69.0,1,0,1,0.0,0,2613.84,4446.96,0.3594,91.9624,318.2187,410.1811,0.5522,18.05,85.3517,4,child_zone_cnt(없음) | speedbump_cnt(없음) | cctv_cam_cnt(부족) | bus_stop_cnt(없음),근린상업,1.3594,1.6667,0.3008,1.8535,1.3899,1.0261,124.31,교통약자유동多 | 주말방문집중 | 통행피크위험 | 상업지역,1199,0.11178,76.71,1139,child_zone_cnt / speedbump_cnt / cctv_cam_cnt / bus_stop_cnt,과속저감 패키지(방지턱+노면표시) + 버스정류장 연계 보행안전시설 + 어린이보호구역 보강 + 지능형 CCTV,저위험
다사752471,69.0,1,0,1,0.0,0,126.39,1235.53,0.3553,7.9259,30.347,38.2729,0.4915,86.46,40.1687,6,crosswalk_cnt(없음) | child_zone_cnt(없음) | speedbump_cnt(없음) | cctv_cnt(없음) | cctv_cam_cnt(없음) | bus_stop_cnt(없음),미분류,1.3553,2.0,1.441,1.4017,1.0,1.0,377.78,교통약자유동多 | 고속도로위험,250,0.109744,76.57,1152,crosswalk_cnt / child_zone_cnt / speedbump_cnt / cctv_cnt / cctv_cam_cnt / bus_stop_cnt,과속저감 패키지(방지턱+노면표시) + 버스정류장 연계 보행안전시설 + 스마트 횡단보도 + 어린이보호구역 보강 + 지능형 CCTV,저위험
다사736512,69.0,1,0,1,0.0,0.0,522.61,1732.52,0.3032,45.7435,108.4279,154.1714,0.4218,16.17,93.1031,3,child_zone_cnt(없음) | speedbump_cnt(없음) | cctv_cam_cnt(부족),단독주택,1.3032,1.5,0.2695,1.931,1.0,1.0,70.19,주거밀집,1472,0.099114,75.84,1198,child_zone_cnt / speedbump_cnt / cctv_cam_cnt,과속저감 패키지(방지턱+노면표시) + 어린이보호구역 보강 + 지능형 CCTV,저위험
다사756494,69.0,1,0,1,0.0,0,1072.9,5468.94,0.3417,142.8504,614.435,757.2854,0.4413,29.0,34.6206,4,child_zone_cnt(없음) | speedbump_cnt(없음) | cctv_cnt(없음) | cctv_cam_cnt(없음),미분류,1.3417,1.6667,0.4833,1.3462,1.5,1.0,150.58,통행피크위험,1002,0.092085,75.35,1232,child_zone_cnt / speedbump_cnt / cctv_cnt / cctv_cam_cnt,과속저감 패키지(방지턱+노면표시) + 어린이보호구역 보강 + 지능형 CCTV,저위험
다사729532,69.0,1,0,1,0.0,0,752.62,3975.22,0.3263,81.2679,199.6263,280.8942,0.8876,61.57,0.2041,6,crosswalk_cnt(없음) | child_zone_cnt(없음) | speedbump_cnt(없음) | cctv_cnt(없음) | cctv_cam_cnt(없음) | bus_stop_cnt(없음),자족기능확보시설,1.3263,2.0,1.0262,1.002,1.1725,1.1938,263.43,주말방문집중 | 통행피크위험 | 고속도로위험,446,0.090199,75.22,1241,crosswalk_cnt / child_zone_cnt / speedbump_cnt / cctv_cnt / cctv_cam_cnt / bus_stop_cnt,과속저감 패키지(방지턱+노면표시) + 버스정류장 연계 보행안전시설 + 스마트 횡단보도 + 어린이보호구역 보강 + 지능형 CCTV,저위험
다사742502,69.0,1,0,1,0.0,0,3398.13,9477.64,0.34,149.0137,544.8844,693.8981,0.3625,30.1,34.0082,4,crosswalk_cnt(없음) | child_zone_cnt(없음) | speedbump_cnt(없음) | bus_stop_cnt(없음),미분류,1.34,1.6667,0.5017,1.3401,1.5,1.0,155.41,통행피크위험,968,0.08747,75.04,1253,crosswalk_cnt / child_zone_cnt / speedbump_cnt / bus_stop_cnt,과속저감 패키지(방지턱+노면표시) + 버스정류장 연계 보행안전시설 + 스마트 횡단보도 + 어린이보호구역 보강,저위험
다사721520,69.0,1,0,1,0.0,0,1409.85,2343.71,0.3649,48.8782,171.7908,220.669,0.5502,27.99,43.8751,4,child_zone_cnt(없음) | speedbump_cnt(없음) | cctv_cnt(없음) | cctv_cam_cnt(없음),도로,1.3649,1.6667,0.4665,1.4388,1.0712,1.0251,115.69,교통약자유동多 | 주말방문집중 | 통행피크위험,1265,0.082675,74.7,1269,child_zone_cnt / speedbump_cnt / cctv_cnt / cctv_cam_cnt,과속저감 패키지(방지턱+노면표시) + 어린이보호구역 보강 + 지능형 CCTV,저위험
다사742494,69.0,1,0,1,0.0,0,2064.48,6251.65,0.3876,108.5469,390.94,499.4869,0.6935,38.2,13.0413,3,child_zone_cnt(없음) | speedbump_cnt(없음) | bus_stop_cnt(없음),미분류,1.3876,1.5,0.6367,1.1304,1.5,1.0968,170.06,교통약자유동多 | 주말방문집중 | 통행피크위험,877,0.079372,74.48,1293,child_zone_cnt / speedbump_cnt / bus_stop_cnt,과속저감 패키지(방지턱+노면표시) + 버스정류장 연계 보행안전시설 + 어린이보호구역 보강,저위험
다사731521,69.0,1,0,1,0.0,0,1081.24,2147.6,0.3743,35.4091,118.5958,154.0049,0.5227,24.88,40.2668,5,child_zone_cnt(없음) | speedbump_cnt(없음) | cctv_cnt(없음) | cctv_cam_cnt(없음) | bus_stop_cnt(없음),운동장,1.3743,1.8333,0.4147,1.4027,1.0,1.0113,102.27,교통약자유동多,1354,0.07833,74.4,1297,child_zone_cnt / speedbump_cnt / cctv_cnt / cctv_cam_cnt / bus_stop_cnt,과속저감 패키지(방지턱+노면표시) + 버스정류장 연계 보행안전시설 + 어린이보호구역 보강 + 지능형 CCTV,저위험
다사747513,69.0,1,0,1,0.0,0,5.93,49.79,0.3973,0.0207,2.8246,2.8453,0.1498,37.77,55.7779,4,crosswalk_cnt(없음) | child_zone_cnt(없음) | speedbump_cnt(없음) | bus_stop_cnt(없음),미분류,1.3973,1.6667,0.6295,1.5578,1.0,1.0,157.58,교통약자유동多,953,0.075803,74.23,1311,crosswalk_cnt / child_zone_cnt / speedbump_cnt / bus_stop_cnt,과속저감 패키지(방지턱+노면표시) + 버스정류장 연계 보행안전시설 + 스마트 횡단보도 + 어린이보호구역 보강,저위험
다사734506,69.0,1,0,1,0.0,0.0,223.73,528.54,0.3401,8.2725,26.1941,34.4666,0.4182,24.45,50.4551,4,child_zone_cnt(없음) | speedbump_cnt(없음) | cctv_cnt(없음) | cctv_cam_cnt(없음),미분류,1.3401,1.6667,0.4075,1.5046,1.0,1.0,94.49,일반,1404,0.074014,74.11,1326,child_zone_cnt / speedbump_cnt / cctv_cnt / cctv_cam_cnt,과속저감 패키지(방지턱+노면표시) + 어린이보호구역 보강 + 지능형 CCTV,저위험
다사740518,69.0,1,0,1,0.0,0,16.12,92.99,0.3831,1.1799,7.2327,8.4126,0.4233,60.36,25.6436,3,crosswalk_cnt(없음) | child_zone_cnt(없음) | bus_stop_cnt(없음),미분류,1.3831,1.5,1.006,1.2564,1.0,1.0,180.93,교통약자유동多 | 고속도로위험,819,0.073933,74.1,1327,crosswalk_cnt / child_zone_cnt / bus_stop_cnt,버스정류장 연계 보행안전시설 + 스마트 횡단보도 + 어린이보호구역 보강,저위험
다사749487,69.0,1,0,1,0.0,0,70.68,648.73,0.4193,12.1216,35.7139,47.8355,0.4911,24.91,32.5073,5,crosswalk_cnt(없음) | speedbump_cnt(없음) | cctv_cnt(없음) | cctv_cam_cnt(없음) | bus_stop_cnt(없음),미분류,1.4193,1.8333,0.4152,1.3251,1.0,1.0,98.78,교통약자유동多 | 학교인근,1376,0.068911,73.75,1360,crosswalk_cnt / speedbump_cnt / cctv_cnt / cctv_cam_cnt / bus_stop_cnt,과속저감 패키지(방지턱+노면표시) + 버스정류장 연계 보행안전시설 + 스마트 횡단보도 + 지능형 CCTV,저위험
다사731525,69.0,1,0,1,0.0,0,180.62,612.07,0.331,14.5174,53.693,68.2104,0.4333,60.2,1.0851,6,crosswalk_cnt(없음) | child_zone_cnt(없음) | speedbump_cnt(없음) | cctv_cnt(없음) | cctv_cam_cnt(없음) | bus_stop_cnt(없음),자족기능확보시설,1.331,2.0,1.0033,1.0109,1.0,1.0,186.29,고속도로위험,773,0.067873,73.68,1364,crosswalk_cnt / child_zone_cnt / speedbump_cnt / cctv_cnt / cctv_cam_cnt / bus_stop_cnt,과속저감 패키지(방지턱+노면표시) + 버스정류장 연계 보행안전시설 + 스마트 횡단보도 + 어린이보호구역 보강 + 지능형 CCTV,저위험
다사732520,69.0,1,0,1,0.0,0,611.17,1931.66,0.3161,52.7598,226.9283,279.6881,0.2904,59.95,0.2325,5,crosswalk_cnt(없음) | child_zone_cnt(없음) | speedbump_cnt(없음) | cctv_cam_cnt(부족) | bus_stop_cnt(없음),일반상업,1.3161,1.8333,0.9992,1.0023,1.1704,1.0,195.14,통행피크위험 | 상업지역,716,0.066874,73.61,1368,crosswalk_cnt / child_zone_cnt / speedbump_cnt / cctv_cam_cnt / bus_stop_cnt,과속저감 패키지(방지턱+노면표시) + 버스정류장 연계 보행안전시설 + 스마트 횡단보도 + 어린이보호구역 보강 + 지능형 CCTV,저위험
다사730527,69.0,1,0,1,0.0,0,248.65,842.78,0.2699,15.7686,63.7386,79.5072,0.6269,51.94,10.2242,3,child_zone_cnt(없음) | speedbump_cnt(없음) | bus_stop_cnt(없음),자족기능확보시설,1.2699,1.5,0.8657,1.1022,1.0,1.0635,133.38,주말방문집중,1122,0.066653,73.6,1370,child_zone_cnt / speedbump_cnt / bus_stop_cnt,과속저감 패키지(방지턱+노면표시) + 버스정류장 연계 보행안전시설 + 어린이보호구역 보강,저위험
다사731520,69.0,1,0,1,0.0,0,496.0,1505.02,0.3049,46.4356,178.6167,225.0523,0.3798,27.29,28.6516,4,child_zone_cnt(없음) | speedbump_cnt(없음) | cctv_cnt(없음) | cctv_cam_cnt(없음),운동장,1.3049,1.6667,0.4548,1.2865,1.0785,1.0,94.7,통행피크위험,1402,0.065944,73.55,1373,child_zone_cnt / speedbump_cnt / cctv_cnt / cctv_cam_cnt,과속저감 패키지(방지턱+노면표시) + 어린이보호구역 보강 + 지능형 CCTV,저위험
다사730485,69.0,1,0,1,0.0,0,104.69,774.94,0.3105,9.8273,46.0916,55.9189,0.3231,23.35,45.913,3,crosswalk_cnt(없음) | speedbump_cnt(없음) | bus_stop_cnt(없음),미분류,1.3105,1.5,0.3892,1.4591,1.0,1.0,77.03,일반,1460,0.064745,73.47,1387,crosswalk_cnt / speedbump_cnt / bus_stop_cnt,과속저감 패키지(방지턱+노면표시) + 버스정류장 연계 보행안전시설 + 스마트 횡단보도,저위험
다사730523,69.0,1,0,1,0.0,0.0,268.1,1096.6,0.3232,22.5777,89.7645,112.3422,0.4766,29.94,22.562,4,child_zone_cnt(없음) | speedbump_cnt(없음) | cctv_cnt(없음) | cctv_cam_cnt(없음),도로,1.3232,1.6667,0.499,1.2256,1.0,1.0,93.06,일반,1411,0.062699,73.33,1394,child_zone_cnt / speedbump_cnt / cctv_cnt / cctv_cam_cnt,과속저감 패키지(방지턱+노면표시) + 어린이보호구역 보강 + 지능형 CCTV,저위험
다사725512,69.0,1,0,1,0.0,0.0,2184.61,3160.87,0.3408,79.1476,293.2341,372.3817,0.4499,34.91,12.8875,2,child_zone_cnt(없음) | speedbump_cnt(없음),근린공원,1.3408,1.3333,0.5818,1.1289,1.3264,1.0,107.46,통행피크위험,1321,0.061593,73.25,1400,child_zone_cnt / speedbump_cnt,과속저감 패키지(방지턱+노면표시) + 어린이보호구역 보강,저위험
다사742474,69.0,1,0,1,0.0,0,4.65,116.14,0.4018,4.9067,4.2728,9.1795,0.6247,35.19,3.4514,5,crosswalk_cnt(없음) | child_zone_cnt(없음) | cctv_cnt(없음) | cctv_cam_cnt(없음) | bus_stop_cnt(없음),미분류,1.4018,1.8333,0.5865,1.0345,1.0,1.0623,114.29,교통약자유동多 | 주말방문집중,1277,0.057778,72.99,1417,crosswalk_cnt / child_zone_cnt / cctv_cnt / cctv_cam_cnt / bus_stop_cnt,버스정류장 연계 보행안전시설 + 스마트 횡단보도 + 어린이보호구역 보강 + 지능형 CCTV,저위험
다사727500,69.0,1,0,1,0.0,0,1079.92,5144.98,0.2885,215.5661,368.7459,584.312,0.5794,,,5,crosswalk_cnt(없음) | child_zone_cnt(없음) | speedbump_cnt(없음) | cctv_cam_cnt(부족) | bus_stop_cnt(없음),자족기능확보시설,1.2885,1.8333,1.0,1.0,1.5,1.0397,254.19,주말방문집중 | 통행피크위험,473,0.057474,72.97,1419,crosswalk_cnt / child_zone_cnt / speedbump_cnt / cctv_cam_cnt / bus_stop_cnt,과속저감 패키지(방지턱+노면표시) + 버스정류장 연계 보행안전시설 + 스마트 횡단보도 + 어린이보호구역 보강 + 지능형 CCTV,저위험
다사734465,69.0,1,0,1,0.0,0,7.49,214.82,0.3898,9.2461,9.228,18.4741,0.5908,37.21,1.0177,4,crosswalk_cnt(없음) | child_zone_cnt(없음) | cctv_cnt(없음) | cctv_cam_cnt(없음),미분류,1.3898,1.6667,0.6202,1.0102,1.0,1.0454,104.68,교통약자유동多 | 주말방문집중,1335,0.053415,72.69,1435,crosswalk_cnt / child_zone_cnt / cctv_cnt / cctv_cam_cnt,스마트 횡단보도 + 어린이보호구역 보강 + 지능형 CCTV,저위험
다사723531,69.0,1,0,1,0.0,0,279.96,431.67,0.3345,5.4659,22.848,28.3139,0.4292,39.97,5.0614,2,child_zone_cnt(없음) | speedbump_cnt(없음),도로,1.3345,1.3333,0.6662,1.0506,1.0,1.0,85.93,일반,1438,0.046249,72.19,1451,child_zone_cnt / speedbump_cnt,과속저감 패키지(방지턱+노면표시) + 어린이보호구역 보강,저위험
다사722498,69.0,1,0,1,0.0,0,155.9,814.29,0.312,19.1171,39.6861,58.8032,0.6616,,,6,crosswalk_cnt(없음) | child_zone_cnt(없음) | speedbump_cnt(없음) | cctv_cnt(없음) | cctv_cam_cnt(없음) | bus_stop_cnt(없음),미분류,1.312,2.0,1.0,1.0,1.0,1.0808,195.69,주말방문집중,714,0.044841,72.09,1452,crosswalk_cnt / child_zone_cnt / speedbump_cnt / cctv_cnt / cctv_cam_cnt / bus_stop_cnt,과속저감 패키지(방지턱+노면표시) + 버스정류장 연계 보행안전시설 + 스마트 횡단보도 + 어린이보호구역 보강 + 지능형 CCTV,저위험
